,text,name
5,Here we have a majestic great white breaching off South Africa's coast. Absolutely h*ckin breathtaking. 13/10 (IG: tucker_marlo) #BarkWeek https://t.co/kQ04fDDRmh,None
7,When you watch your owner call another dog a good boy but then they turn back to you and say you're a great boy. 13/10 https://t.co/v0nONBcwxq,None
12,Here's a puppo that seems to be on the fence about something haha no but seriously someone help her. 13/10 https://t.co/BxvuXk0UCm,None
24,You may not have known you needed to see this today. 13/10 please enjoy (IG: emmylouroo) https://t.co/WZqNqygEyV,None
25,This... is a Jubilant Antarctic House Bear. We only rate dogs. Please only send dogs. Thank you... 12/10 would suffocate in floof https://t.co/4Ad1jzJSdp,None
30,@NonWhiteHat @MayhewMayhem omg hello tanner you are a scary good boy 12/10 would pet with extreme caution,None
32,RT @Athletics: 12/10 #BATP https://t.co/WxwJmvjfxo,None
35,I have a new hero and his name is Howard. 14/10 https://t.co/gzLHboL7Sk,None
37,Here we have a corgi undercover as a malamute. Pawbably doing important investigative work. Zero control over tongue happenings. 13/10 https://t.co/44ItaMubBf,None
41,"I present to you, Pup in Hat. Pup in Hat is great for all occasions. Extremely versatile. Compact as h*ck. 14/10 (IG: itselizabethgales) https://t.co/vvBOcC2VdC",None
42,OMG HE DIDN'T MEAN TO HE WAS JUST TRYING A LITTLE BARKOUR HE'S SUPER SORRY 13/10 WOULD FORGIVE IMMEDIATE https://t.co/uF3pQ8Wubj,None
47,"Please only send dogs. We don't rate mechanics, no matter how h*ckin good. Thank you... 13/10 would sneak a pat https://t.co/Se5fZ9wp5E",None
55,@roushfenway These are good dogs but 17/10 is an emotional impulse rating. More like 13/10s,None
59,Ugh not again. We only rate dogs. Please don't send in well-dressed  floppy-tongued street penguins. Dogs only please. Thank you... 12/10 https://t.co/WiAMbTkDPf,None
62,Please don't send in photos without dogs in them. We're not @porch_rates. Insubordinate and churlish. Pretty good porch tho 11/10 https://t.co/HauE8M3Bu4,None
64,@RealKentMurphy 14/10 confirmed,None
72,Martha is stunning how h*ckin dare you. 13/10 https://t.co/9uABQXgjwa,None
78,RT @rachel2195: @dog_rates the boyfriend and his soaking wet pupper h*cking love his new hat 14/10 https://t.co/dJx4Gzc50G,None
83,I can say with the pupmost confidence that the doggos who assisted with this search are heroic as h*ck. 14/10 for all https://t.co/8yoc1CNTsu,None
88,You'll get your package when that precious man is done appreciating the pups. 13/10 for everyone https://t.co/PFp4MghzBW,None
89,Guys please stop sending pictures without any dogs in th- oh never mind hello excuse me sir. 12/10 stealthy as h*ck https://t.co/brCQoqc8AW,None
93,"I can't believe this keeps happening. This, is a birb taking a bath. We only rate dogs. Please only send dogs. Thank you... 12/10 https://t.co/pwY9PQhtP2",None
96,"We usually don't rate Deck-bound Saskatoon Black Bears, but this one is h*ckin flawless. Sneaky tongue slip too. 13/10 would hug firmly https://t.co/mNuMH9400n",None
99,Here's a very large dog. He has a date later. Politely asked this water person to check if his breath is bad. 12/10 good to go doggo https://t.co/EMYIdoblMR,None
100,"Here are my favorite #dogsatpollingstations 
Most voted for a more consistent walking schedule and to increase daily pats tenfold. All 13/10 https://t.co/17FVMl4VZ5",None
101,"RT @loganamnosis: Penelope here is doing me quite a divertir. Well done, @dog_rates! Loving the pupdate. 14/10, je jouerais de nouveau. htt‚Ä¶",None
103,We. Only. Rate. Dogs. Do not send in other things like this fluffy floor shark clearly ready to attack. Get it together guys... 12/10 https://t.co/BZHiKx3FpQ,None
110,Never doubt a doggo 14/10 https://t.co/AbBLh2FZCH,None
112,Real funny guys. Sending in a pic without a dog in it. Hilarious. We'll rate the rug tho because it's giving off a very good vibe. 11/10 https://t.co/GCD1JccCyi,None
113,@ComplicitOwl @ShopWeRateDogs &gt;10/10 is reserved for dogs,None
125,Here's a h*ckin peaceful boy. Unbothered by the comings and goings. 13/10 please reveal your wise ways https://t.co/yeaH8Ej5eM,None
127,"Unbelievable. We only rate dogs. Please don't send in non-canines like the ""I"" from Pixar's opening credits. Thank you... 12/10 https://t.co/JMhDNv5wXZ",None
130,RT @rachaeleasler: these @dog_rates hats are 13/10 bean approved https://t.co/nRCdq4g9gG,None
131,"Oh my this spooked me up. We only rate dogs, not happy ghosts. Please send dogs only. It's a very simple premise. Thank you... 13/10 https://t.co/M5Rz0R8SIQ",None
133,He was providing for his family 13/10 how dare you https://t.co/Q8mVwWN3f4,None
137,"RT @dog_rates: Here's a pupper before and after being asked ""who's a good girl?"" Unsure as h*ck. 12/10 hint hint it's you https://t.co/ORiK‚Ä¶",None
141,We only rate dogs. Please don't send in Jesus. We're trying to remain professional and legitimate. Thank you... 14/10 https://t.co/wr3xsjeCIR,None
148,"@Jack_Septic_Eye I'd need a few more pics to polish a full analysis, but based on the good boy content above I'm leaning towards 12/10",None
149,"Ladies and gentlemen... I found Pipsy. He may have changed his name to Pablo, but he never changed his love for the sea. Pupgraded to 14/10 https://t.co/lVU5GyNFen",None
154,We only rate dogs. Please don't send perfectly toasted marshmallows attempting to drive. Thank you... 13/10 https://t.co/nvZyyrp0kd,None
155,"RT @dog_rates: ""Good afternoon class today we're going to learn what makes a good boy so good"" 13/10 https://t.co/f1h2Fsalv9",None
157,HI. MY. NAME. IS. BOOMER. AND. I. WANT. TO. SAY. IT'S. H*CKIN. RIDICULOUS. THAT. DOGS. CAN'T VOTE. ABSOLUTE. CODSWALLUP. THANK. YOU. 13/10 https://t.co/SqKJPwbQ2g,None
160,RT @tallylott: h*ckin adorable promposal. 13/10 @dog_rates https://t.co/6n8hzNihJ9,None
164,"Here we have perhaps the wisest dog of all. Above average with light sabers. Immortal as h*ck. 14/10 dog, or dog not, there is no try https://t.co/upRYxG4KbG",None
165,RT @dog_rates: Ohboyohboyohboyohboyohboyohboyohboyohboyohboyohboyohboyohboyohboyohboyohboy. 10/10 for all (by happytailsresort) https://t.c‚Ä¶,None
168,Sorry for the lack of posts today. I came home from school and had to spend quality time with my puppo. Her name is Zoey and she's 13/10 https://t.co/BArWupFAn0,None
170,Here we have an exotic dog. Good at ukulele. Fashionable af. Has two more arms if needed. Is blue. Knows what 'ohana means. 13/10 would pet https://t.co/gEsymGTXCT,None
172,I have stumbled puppon a doggo painting party. They're looking to be the next Pupcasso or Puppollock. All 13/10 would put it on the fridge https://t.co/cUeDMlHJbq,None
177,"Instead of the usual nightly dog rate, I'm sharing this story with you. Meeko is 13/10 and would like your help 

https://t.co/Mj4j6QoIJk https://t.co/JdNE5oqYEV",None
179,@Marc_IRL pixelated af 12/10,None
180,RT @AaronChewning: First time wearing my @dog_rates hat on a flight and I get DOUBLE OPEN ROWS. Really makes you think. 13/10 https://t.co/‚Ä¶,None
184,"THIS IS CHARLIE, MARK. HE DID JUST WANT TO SAY HI AFTER ALL. PUPGRADED TO A 14/10. WOULD BE AN HONOR TO FLY WITH https://t.co/p1hBHCmWnA",None
185,RT @Jenna_Marbles: @dog_rates Thanks for rating my cermets 14/10 wow I'm so proud I watered them so much,None
186,@xianmcguire @Jenna_Marbles Kardashians wouldn't be famous if as a society we didn't place enormous value on what they do. The dogs are very deserving of their 14/10,None
188,@dhmontgomery We also gave snoop dogg a 420/10 but I think that predated your research,None
189,"@s8n You tried very hard to portray this good boy as not so good, but you have ultimately failed. His goodness shines through. 666/10",None
190,"HE'S LIKE ""WAIT A MINUTE I'M AN ANIMAL THIS IS AMAZING HI HUMAN I LOVE YOU AS WELL"" 13/10 https://t.co/sb73bV5Y7S",None
191,Here's a puppo participating in the #ScienceMarch. Cleverly disguising her own doggo agenda. 13/10 would keep the planet habitable for https://t.co/cMhq16isel,None
192,I HEARD HE TIED HIS OWN BOWTIE MARK AND HE JUST WANTS TO SAY HI AND MAYBE A NOGGIN PAT SHOW SOME RESPECT 13/10 https://t.co/5BEjzT2Tth,None
195,RT @frasercampbell_: oh my... what's that... beautiful scarf around your neck... 14/10 a h*ckin good dog in a h*ckin good game @GoodDogsGam‚Ä¶,None
199,Sometimes you guys remind me just how impactful a pupper can be. Cooper will be remembered as a good boy by so many. 14/10 rest easy friend https://t.co/oBL7LEJEzR,None
200,"At first I thought this was a shy doggo, but it's actually a Rare Canadian Floofer Owl. Amateurs would confuse the two. 11/10 only send dogs https://t.co/TXdT3tmuYk",None
202,A photographer took pictures before and after he told his bunny he's a good boy. Here are the results. 13/10 https://t.co/wiQZIsaWUe,None
204,"RT @dog_rates: I usually only share these on Friday's, but this is Blue. He's a very smoochable pooch who needs your help. 13/10

https://t‚Ä¶",None
212,RT @eddie_coe98: Thanks @dog_rates completed my laptop. 10/10 would buy again https://t.co/bO0rThDlXI,None
213,Oh jeez u did me quite the spook little fella. We normally don't rate triceratops but this one seems suspiciously good. 11/10 would pet well https://t.co/BMtfCmNbnS,None
218,@markhoppus MARK THAT DOG HAS SEEN AND EXPERIENCED MANY THINGS. PROBABLY LOST OTHER EAR DOING SOMETHING HEROIC. 13/10 HUG THE DOG HOPPUS,None
221,Seriously guys? Again? We only rate dogs. Please stop submitting other things like this super good hammerhead shark. Thank you... 12/10 https://t.co/TCMC90mSOT,None
224,"At first I thought this was a dog because of the sign, but it is clearly Wilson from Home Improvement. Please only send in dogs... 11/10 https://t.co/jqPk1BZ6xu",None
226,Please stop sending in animals other than dogs. We only rate dogs. Not Furry Ecuadorian Sea Turtles. Thank you... 12/10 https://t.co/UOE79zb6VU,None
228,Jerry just apuppologized to me. He said there was no ill-intent to the slippage. I overreacted I admit. Pupgraded to an 11/10 would pet,None
231,RT @basic_vacek_: I love my new mug easy 13/10 @dog_rates https://t.co/0bYtoL7Wwt,None
234,.@breaannanicolee PUPDATE: Cannon has a heart on his nose. Pupgraded to a 13/10,None
238,Unbelievable... We. Only. Rate. Dogs. Please stop sending in other things like this Blossoming Flop Kangaroo. Thank you... 11/10 https://t.co/EeeErAbso0,None
241,THIS WAS NOT HIS FAULT HE HAD NO IDEA. 11/10 STILL A VERY GOOD DOG https://t.co/GJ8rozumsy,None
243,SHE DID AN ICY ZOOM AND KNEW WHEN TO PUT ON THE BRAKES 13/10 CANCEL THE GAME THIS IS ALL WE NEED https://t.co/4ctgpGcqAd,None
245,We usually don't rate polar bears but this one seems extra good. Majestic as h*ck. 13/10 would hug for a while https://t.co/TLNexlqzXP,None
246,"C'mon guys. Please only send in dogs. We only rate dogs, not Exceptional-Tongued Peruvian Floor Bears. Thank you... 12/10 https://t.co/z30iQLiXNo",None
247,RT @dog_rates: Here's a heartwarming scene of a single father raising his two pups. Downright awe-inspiring af. 12/10 for everyone https://‚Ä¶,None
251,"PUPDATE: I'm proud to announce that Toby is 236 days sober. Pupgraded to a 13/10. We're all very proud of you, Toby https://t.co/a5OaJeRl9B",None
256,HE WAS DOING A SNOOZE NO SHAME IN A SNOOZE 13/10 https://t.co/Gu5wHx3CBd,None
268,Here we have some incredible doggos for #K9VeteransDay. All brave as h*ck. Salute your dog in solidarity. 14/10 for all https://t.co/SVNMdFqKDL,None
269,"We don't rate penguins, but if we did, this one would get 12/10 https://t.co/cEORXhwZ5K",None
274,@0_kelvin_0 &gt;10/10 is reserved for puppos sorry Kevin,None
275,I didn't even have to intervene. Took him 4 minutes to realize his error. 10/10 for Kevin https://t.co/2gclc1MNr7,None
277,You have been visited by the magical sugar jar puggo. He has granted you three boops. 13/10 would use immediately https://t.co/76iL7JUQdG,None
281,RT @alexmartindawg: THE DRINK IS DR. PUPPER 10/10 good pun @matt___nelson @GoodDogsGame https://t.co/act3duiqbL,None
283,SHE MISPLACED HER HOOMAN 13/10 MISTAKES HAPPEN https://t.co/ngAxYLVYHP,None
285,RT @KibaDva: I collected all the good dogs!! 15/10 @dog_rates #GoodDogs https://t.co/6UCGFczlOI,None
290,@markhoppus 182/10,None
291,@bragg6of8 @Andy_Pace_ we are still looking for the first 15/10,None
293,"Here's a pupper before and after being asked ""who's a good girl?"" Unsure as h*ck. 12/10 hint hint it's you https://t.co/ORiK6jlgdH",None
298,RT @KennyFromDaBlok: 14/10 h*ckin good hats. will wear daily @dog_rates https://t.co/rHLoU5gS30,None
302,"RT @SchafeBacon2016: @dog_rates Slightly disturbed by the outright profanity, but confident doggos were involved. 11/10, would tailgate aga‚Ä¶",None
306,Atlas is back and this time he's prettier than the sunset. Seems to be aware of it too. 13/10 would give modeling contract https://t.co/uRdKlFArQE,None
310,RT @dog_rates: So this just changed my life. 13/10 please enjoy  https://t.co/dsv4xAtfv7,None
313,"@jonnysun @Lin_Manuel ok jomny I know you're excited but 960/00 isn't a valid rating, 13/10 is tho",None
314,We only rate dogs. Please don't send in any non-canines like this Floppy Tongued House Panda. Thank you... 12/10 would still pet https://t.co/8fX2VkExnL,None
315,When you're so blinded by your systematic plagiarism that you forget what day it is. 0/10 https://t.co/YbEJPkg4Ag,None
318,Here's a doggo fully pupared for a shower. H*ckin exquisite balance. Sneaky tongue slip too. 13/10 https://t.co/UtEVnQ1ZPg,None
323,DOGGO ON THE LOOSE I REPEAT DOGGO ON THE LOOSE 10/10 https://t.co/ffIH2WxwF0,None
332,RT @EmilieGambril: 12/10 h*cking excited about my new shirt! @dog_rates https://t.co/zFEfMTaHqU,None
334,Prosperous good boy 13/10 socioeconomic af https://t.co/8YlD5lxPbQ,None
342,@docmisterio account started on 11/15/15,None
346,@UNC can confirm 12/10,None
349,"I usually only share these on Friday's, but this is Blue. He's a very smoochable pooch who needs your help. 13/10

https://t.co/piiX0ke8Z6 https://t.co/1UHrKcaCiO",None
352,I couldn't make it to the #WKCDogShow BUT I have people there on the ground relaying me the finest pupper pics possible. 13/10 for all https://t.co/jd6lYhfdH4,None
362,Here's a stressed doggo. Had a long day. Many things on her mind. The hat communicates these feelings exquisitely. 11/10 https://t.co/fmRS43mWQB,None
375,Beebop and Doobert should start a band 12/10 would listen,None
386,"RT @dog_rates: Please only send in dogs. We only rate dogs, not seemingly heartbroken ewoks. Thank you... still 10/10 would console https:/‚Ä¶",None
387,"I was going to do 007/10, but the joke wasn't worth the &lt;10 rating",None
390,We only rate dogs. Please don't send in any more non-dogs like this Wild Albanian Street Moose. Thank you... 11/10 https://t.co/srXL2s868C,None
391,"Here's a little more info on Dew, your favorite roaming doggo that went h*ckin viral. 13/10 
https://t.co/1httNYrCeW https://t.co/KvaM8j3jhX",None
395,Here's a very loving and accepting puppo. Appears to have read her Constitution well. 14/10 would pat head approvingly https://t.co/6ao80wIpV1,None
402,Retweet the h*ck out of this 13/10 pupper #BellLetsTalk https://t.co/wBmc7OaGvS,None
404,"""I wish we were dogs"" 14/10 for @BadlandsNPS https://t.co/50qq2DItPW",None
409,@HistoryInPics 13/10,None
411,RT @dog_rates: We only rate dogs. Please don't send pics of men capturing low level clouds. Thank you... 11/10 https://t.co/rLi83ZyCL5,None
413,Here's a super supportive puppo participating in the Toronto  #WomensMarch today. 13/10 https://t.co/nTz3FtorBc,None
416,Please stop sending in non-canines like this Very Pettable Dozing Bath Tortoise. We only rate dogs. Only send dogs... 12/10 https://t.co/mcagPeENIh,None
419,We only rate dogs. Please don't send pics of men capturing low level clouds. Thank you... 11/10 https://t.co/rLi83ZyCL5,None
427,@imgur for a polar bear tho I'd say 13/10 is appropriate,None
429,Here's a doggo who looks like he's about to give you a list of mythical ingredients to go collect for his potion. 11/10 would obey https://t.co/8SiwKDlRcl,None
433,The floofs have been released I repeat the floofs have been released. 84/70 https://t.co/NIYC820tmd,None
434,"RT @dog_rates: We are proud to support @LoveYourMelon on their mission to put a hat on every kid battling cancer. They are 14/10

https://t‚Ä¶",None
436,"We are proud to support @LoveYourMelon on their mission to put a hat on every kid battling cancer. They are 14/10

https://t.co/XQlmPTLHPl https://t.co/ZNIkkHgtYE",None
437,I've never wanted to go to a camp more in my entire life. 12/10 for all on board https://t.co/wJZlpGFEbD,None
440,Here we have a doggo who has messed up. He was hoping you wouldn't notice. 11/10 someone help him https://t.co/XdRNXNYD4E,None
444,"Some happy pupper news to share. 10/10 for everyone involved 
https://t.co/MefMAZX2uv",None
458,"Looks like he went cross-eyed trying way too hard to use the force. 12/10 
https://t.co/bbuKxk0fM8",None
465,RT @dog_rates: Here's a pupper with squeaky hiccups. Please enjoy. 13/10 https://t.co/MiMKtsLN6k,None
467,Name a more iconic quartet... I'll wait. 13/10 for all https://t.co/kCLgD8687T,None
478,Here's a pupper with squeaky hiccups. Please enjoy. 13/10 https://t.co/MiMKtsLN6k,None
482,Happy New Year from the squad! 13/10 for all https://t.co/9njRxyUd5L,None
493,Here's a doggo who has concluded that Christmas is entirely too bright. Requests you tone it down a notch. 11/10 https://t.co/cD967DjnIn,None
494,We only rate dogs. Please don't send in other things like this very good Christmas tree. Thank you... 13/10 https://t.co/rvSANEsQZJ,None
497,Everybody stop what you're doing and look at this dog with her tiny Santa hat. 13/10 https://t.co/KK4XQK9SPi,None
498,I've been informed by multiple sources that this is actually a dog elf who's tired from helping Santa all night. Pupgraded to 12/10,None
499,Here's an anonymous doggo that appears to be very done with Christmas. 11/10 cheer up pup https://t.co/BzITyGw3JA,None
508,"I'm happy to inform you all that Jake is in excellent hands. 13/10 for him and his new family 
https://t.co/LRCTJpnCnS https://t.co/wZz7fI6XO1",None
513,PUPDATE: I've been informed that Augie was actually bringing his family these flowers when he tripped. Very good boy. Pupgraded to 11/10,None
521,"Please only send in dogs. We only rate dogs, not seemingly heartbroken ewoks. Thank you... still 10/10 would console https://t.co/HIraYS1Bzo",None
523,"I call this one ""A Blep by the Sea"" 12/10 https://t.co/EMdnCugNbo",None
527,Here's a pupper in a onesie. Quite pupset about it. Currently plotting revenge. 12/10 would rescue https://t.co/xQfrbNK3HD,None
531,Here we have Burke (pupper) and Dexter (doggo). Pupper wants to be exactly like doggo. Both 12/10 would pet at same time https://t.co/ANBpEYHaho,None
537,"""Good afternoon class today we're going to learn what makes a good boy so good"" 13/10 https://t.co/f1h2Fsalv9",None
538,RT @dog_rates: Idk why this keeps happening. We only rate dogs. Not Bangladeshi Couch Chipmunks. Please only send dogs... 12/10 https://t.c‚Ä¶,None
539,Hooman catch successful. Massive hit by dog. Fumble ensued. Possession to dog. 13/10 https://t.co/QrFkqgHR1G,None
551,"HE'S TRYING TO BE HIS OWN PERSON LET HIM GO 13/10
https://t.co/LEZ8jR5txd",None
555,RT @dog_rates: I present to you... Dog Jesus. 13/10 (he could be sitting on a rock but I doubt it) https://t.co/fR1P3g5I6k,None
556,Pupper hath acquire enemy. 13/10 https://t.co/ns9qoElfsX,None
561,"RT @dog_rates: ""Yep... just as I suspected. You're not flossing."" 12/10 and 11/10 for the pup not flossing https://t.co/SuXcI9B7pQ",None
565,"Like doggo, like pupper version 2. Both 11/10 https://t.co/9IxWAXFqze",None
566,RT @dog_rates: Everybody drop what you're doing and look at this dog. 13/10 must be super h*ckin rare https://t.co/I1bJUzUEW5,None
568,"RT @ChinoChinako: They're good products, Brent

Mug holds drinks; hoodie is comfy af. 13/10 

Puppy Aika h*cking agrees. @dog_rates https:/‚Ä¶",None
570,.@NBCSports OMG THE TINY HAT I'M GOING TO HAVE TO SAY 11/10 NBC,None
572,oh h*ck 10/10 https://t.co/bC69RrW559,None
576,@SkyWilliams doggo simply protecting you from evil that which you cannot see. 11/10 would give extra pets,None
577,RT @Lin_Manuel: 11/10 would recommend. https://t.co/pnUF69K4xk,None
580,Here's a very sleepy pupper. Appears to be portable as h*ck. 12/10 would snug intensely https://t.co/61sX7pW5Ca,None
585,Here's a doggo doin a struggle. 11/10 much determined https://t.co/gQqRBfkX4I,None
589,RT @dog_rates: I WAS SENT THE ACTUAL DOG IN THE PROFILE PIC BY HIS OWNER THIS IS SO WILD. 14/10 ULTIMATE LEGEND STATUS https://t.co/7oQ1wpf‚Ä¶,None
595,RT @dog_rates: We normally don't rate marshmallows but this one appears to be flawlessly toasted so I'll make an exception. 10/10 https://t‚Ä¶,None
597,"RT @dog_rates: I'm not sure what's happening here, but it's pretty spectacular. 12/10 for both https://t.co/JKXh0NbBNL",None
599,RT @dog_rates: Here we see a rare pouched pupper. Ample storage space. Looks alert. Jumps at random. Kicked open that door. 8/10 https://t.‚Ä¶,None
600,"RT @dog_rates: I shall call him squishy and he shall be mine, and he shall be my squishy. 13/10 https://t.co/WId5lxNdPH",None
603,RT @dog_rates: This a Norwegian Pewterschmidt named Tickles. Ears for days. 12/10 I care deeply for Tickles https://t.co/0aDF62KVP7,None
605,RT @dog_rates: Not familiar with this breed. No tail (weird). Only 2 legs. Doesn't bark. Surprisingly quick. Shits eggs. 1/10 https://t.co/‚Ä¶,None
608,Here's a helicopter pupper. He takes off at random. H*ckin hard to control. 12/10 rare af https://t.co/GRWPgNKt2z,None
611,@JODYHiGHROLLER it may be an 11/10 but what do I know üòâ,None
615,RT @dog_rates: I want to finally rate this iconic puppo who thinks the parade is all for him. 13/10 would absolutely attend https://t.co/5d‚Ä¶,None
616,Here's a sleepy doggo that requested some assistance. 12/10 would carry everywhere https://t.co/bvkkqOjNDV,None
620,"#ImWithThor 13/10
https://t.co/a18mzkhTf6",None
621,I didn't believe it at first but now I can see that voter fraud is a serious h*ckin issue. 11/10 https://t.co/7i0bDMbrVN,None
624,Elder doggo does a splash. Both 13/10 incredible stuff https://t.co/gBUDjdEcqz,None
634,RT @dog_rates: When she says you're a good boy and you know you're a good boy because you're a good boy. 13/10 https://t.co/O5IUmRHRIh,None
639,Oh h*ck look at this spookling right here. Fright level off the charts. 12/10 sufficiently spooked https://t.co/BNy9IIJMb0,None
647,Your favorite squad is looking extra h*ckin spooky today. 13/10 for all https://t.co/PrgvOyPtDT,None
654,RT @dog_rates: This little fella really hates stairs. Prefers bush. 13/10 legendary pupper https://t.co/e3LPMAHj7p,None
655,RT @dog_rates: I'm not sure what this dog is doing but it's pretty inspirational. 12/10 https://t.co/4Kn9GEHXiE,None
657,Vine will be deeply missed. This was by far my favorite one. 14/10 https://t.co/roqIxCvEB3,None
658,When she says you're a good boy and you know you're a good boy because you're a good boy. 13/10 https://t.co/O5IUmRHRIh,None
676,"HE WAS JUST A LIL SLEEPY FROM BEING SUCH A GOOD DOGGI ALL THE TIME MISTAKES HAPPEN 13/10
https://t.co/G2ms0A5jWM",None
684,Atlas is back and this time he's got doggles. Still 13/10 solarly conscious af https://t.co/s7MgFWDySc,None
687,Did... did they pick out that license plate? 12/10 for both https://t.co/lRmUUOxgbQ,None
696,"""Honestly Kathleen I just want more Ken Bone"" 12/10 https://t.co/HmlEvAMP4r",None
701,13/10 for breakdancing puppo @shibbnbot,None
707,"Today, 10/10, should be National Dog Rates Day",None
730,Who keeps sending in pictures without dogs in them? This needs to stop. 5/10 for the mediocre road https://t.co/ELqelxWMrC,None
732,Idk why this keeps happening. We only rate dogs. Not Bangladeshi Couch Chipmunks. Please only send dogs... 12/10 https://t.co/ya7bviQUUf,None
733,"Pupper butt 1, Doggo 0. Both 12/10 https://t.co/WQvcPEpH2u",None
735,"We normally don't rate lobsters, but this one appears to be a really good lobster. 10/10 would pet with caution https://t.co/YkHc7U7uUy",None
736,I want to finally rate this iconic puppo who thinks the parade is all for him. 13/10 would absolutely attend https://t.co/5dUYOu4b8d,None
740,Here's a perturbed super floof. 12/10 would snug so damn well https://t.co/VG095mi09Q,None
742,"RT @Patreon: Well. @dog_rates is on Patreon. 

12/10. 

https://t.co/rnKvzt6RJs https://t.co/v4e2ywe8iO",None
744,We only rate dogs. Pls stop sending in non-canines like this Urban Floof Giraffe. I can't handle this. 11/10 https://t.co/zHIqpM5Gni,None
746,Here's a doggo questioning his entire existence. 10/10 someone tell him he's a good boy  https://t.co/dVm5Hgdpeb,None
748,Have you ever seen such a smol pupper? Portable af. 12/10 would keep in shirt pocket https://t.co/KsqaIzlQ12,None
751,Everybody drop what you're doing and look at this dog. 13/10 must be super h*ckin rare https://t.co/I1bJUzUEW5,None
753,RT @dog_rates: In case you haven't seen the most dramatic sneeze ever... 13/10 https://t.co/iy7ylyZcsE,None
754,"Oh my god it's Narcos but Barkos. 13/10 someone please make this happen
https://t.co/tird9cIlzB",None
758,RIP Loki. Thank you for the good times. You will be missed by many. 14/10 https://t.co/gJKD9pst5A,None
762,Evolution of a pupper yawn featuring Max. 12/10 groundbreaking stuff https://t.co/t8Y4x9DmVD,None
766,"""Yep... just as I suspected. You're not flossing."" 12/10 and 11/10 for the pup not flossing https://t.co/SuXcI9B7pQ",None
770,RT @dog_rates: Everybody look at this beautiful pupper 13/10 https://t.co/hyAC5Hq9GC,None
774,Atlas rolled around in some chalk and now he's a magical rainbow floofer. 13/10 please never take a bath https://t.co/nzqTNw0744,None
777,I can't tap the screen to make the hearts appear fast enough. 10/10 for the source of all future unproductiveness https://t.co/wOhuABgj6I,None
778,"RT @dog_rates: Like father (doggo), like son (pupper). Both 12/10 https://t.co/pG2inLaOda",None
781,This girl straight up rejected a guy because he doesn't like dogs. She is my hero and I give her 13/10 https://t.co/J39lT3b0rH,None
784,"RT @dog_rates: After so many requests, this is Bretagne. She was the last surviving 9/11 search dog, and our second ever 14/10. RIP https:/‚Ä¶",None
788,I WAS SENT THE ACTUAL DOG IN THE PROFILE PIC BY HIS OWNER THIS IS SO WILD. 14/10 ULTIMATE LEGEND STATUS https://t.co/7oQ1wpfxIH,None
798,You need to watch these two doggos argue through a cat door. Both 11/10 https://t.co/qEP31epKEV,None
803,Here's a couple rufferees making sure all the sports are played fairly today. Both 10/10 would bribe with extra pets https://t.co/H9yjI9eo3A,None
807,"Doggo will persevere. 13/10
https://t.co/yOVzAomJ6k",None
814,Another pic without a dog in it? What am I supposed to do? Rate the carpet? Fine I will. 7/10 looks adequately comfy https://t.co/OJZQ6I4gGd,None
815,RT @katieornah: @dog_rates learning a lot at college 12/10 for my professor thank u for the pupper slides https://t.co/nTFDr99hg0,None
818,RT @dog_rates: Here's a doggo blowing bubbles. It's downright legendary. 13/10 would watch on repeat forever (vid by Kent Duryee) https://t‚Ä¶,None
826,RT @dog_rates: Ever seen a dog pet another dog? Both 13/10 truly an awe-inspiring scene. (Vid by @mdougherty20) https://t.co/3PoKf6cw7f,None
829,RT @dog_rates: When it's Janet from accounting's birthday but you can't eat the cake cuz it's chocolate. 10/10 hang in there pupper https:/‚Ä¶,None
839,I don't know any of the backstory behind this picture but for some reason I'm crying. 13/10 for owner and doggo https://t.co/QOKZdus9TT,None
841,RT @dog_rates: We only rate dogs... this is a Taiwanese Guide Walrus. Im getting real heckin tired of this. Please send dogs. 10/10 https:/‚Ä¶,None
843,His name is Charley and he already has a new set of wheels thanks to donations. I heard his top speed was also increased. 13/10 for Charley,None
857,@TheEllenShow I'm not sure if you know this but that doggo right there is a 12/10,None
866,This left me speechless. 14/10 heckin heroic af https://t.co/3td8P3o0mB,None
868,"RT @dog_rates: ""Tristan do not speak to me with that kind of tone or I will take away the Xbox."" 10/10 https://t.co/VGPH0TfESw",None
869,Guys.. we only rate dogs. Pls don't send any more pics of the Loch Ness Monster. Only send in dogs. Thank you. 11/10 https://t.co/obH5vMbm1j,None
870,Ohboyohboyohboyohboyohboyohboyohboyohboyohboyohboyohboyohboyohboyohboyohboy. 10/10 for all (by happytailsresort) https://t.co/EY8kEFuzK7,None
872,RT @dog_rates: Oh. My. God. 13/10 magical af https://t.co/Ezu6jQrKAZ,None
881,"Doggo want what doggo cannot have. Temptation strong, dog stronger. 12/10  https://t.co/IqyTF6qik6",None
885,"RT @hownottodraw: The story/person behind @dog_rates is heckin adorable af. 11/10, probably would pet. https://t.co/AG5UnRrmzJ",None
886,Here's a wicked fast pupper. 12/10 camera could barely keep pup https://t.co/HtAR6gpUAu,None
887,We only rate dogs... this is a Taiwanese Guide Walrus. Im getting real heckin tired of this. Please send dogs. 10/10 https://t.co/49hkNAsubi,None
890,RT @dog_rates: This... is a Tyrannosaurus rex. We only rate dogs. Please only send in dogs. Thank you ...10/10 https://t.co/zxw8d5g94P,None
893,"No no no this is all wrong. The Walmart had to have run into the dog driving the car. 10/10 someone tell him it's ok
https://t.co/fRaTGcj68A",None
895,"RT @dog_rates: AT DAWN...
WE RIDE

11/10 https://t.co/QnfO7HEQGA",None
899,This doggo is just waiting for someone to be proud of her and her accomplishment. 13/10 legendary af https://t.co/9T2h14yn4Q,None
902,Why does this never happen at my front door... 165/150 https://t.co/HmwrdfEfUE,None
905,In case you haven't seen the most dramatic sneeze ever... 13/10 https://t.co/iy7ylyZcsE,None
906,Teagan reads entire books in store so they're free. Loved 50 Shades of Grey (how dare I make that joke so late) 9/10 https://t.co/l46jwv5WYv,None
911,RT @jon_hill987: @dog_rates There is a cunningly disguised pupper here mate! 11/10 at least. https://t.co/7boff8zojZ,None
912,Here's another picture without a dog in it. Idk why you guys keep sending these. 4/10 just because that's a neat rug https://t.co/mOmnL19Wsl,None
913,She walks herself up and down the train to be petted by all the passengers. 13/10 I can't handle this https://t.co/gwKCspY8N2,None
914,Here's a doggo completely oblivious to the double rainbow behind him. 10/10 someone tell him https://t.co/OfvRoD6ndV,None
919,All hail sky doggo. 13/10 would jump super high to pet https://t.co/CsLRpqdeTF,None
920,Pwease accept dis rose on behalf of dog. 11/10 https://t.co/az5BVcIV5I,None
921,Here's a heartwarming scene of a single father raising his two pups. Downright awe-inspiring af. 12/10 for everyone https://t.co/hfddJ0OiNR,None
922,When ur older siblings get to play in the deep end but dad says ur not old enough. Maybe one day puppo. All 10/10 https://t.co/JrDAzMhwG9,None
923,Here's a frustrated pupper attempting to escape a pool of Frosted Flakes. 12/10 https://t.co/GAYViEweWr,None
931,"When you hear your owner say they need to hatch another egg, but you've already been on 17 walks today. 10/10 https://t.co/lFEoGqZ4oA",None
933,"""The dogtor is in hahahaha no but seriously I'm very qualified and that tumor is definitely malignant"" 10/10 https://t.co/ULqThwWmLg",None
934,Here we are witnessing an isolated squad of bouncing doggos. Unbelievably rare for this time of year. 11/10 for all https://t.co/CCdlwiTwQf,None
939,So this just changed my life. 13/10 please enjoy  https://t.co/dsv4xAtfv7,None
943,RT @dog_rates: HEY PUP WHAT'S THE PART OF THE HUMAN BODY THAT CONNECTS THE FOOT AND THE LEG? 11/10 so smart https://t.co/XQ1tRUmO3z,None
944,Nothing better than a doggo and a sunset. 10/10 majestic af https://t.co/xVSodF19PS,None
945,"Hooman used Pokeball
*wiggle*
*wiggle*
Doggo broke free 
10/10 https://t.co/bWSgqnwSHr",None
946,Here are three doggos completely misjudging an airborne stick. Decent efforts tho. All 9/10 https://t.co/HCXQL4fGVZ,None
947,Hopefully this puppo on a swing will help get you through your Monday. 11/10 would push https://t.co/G54yClasz2,None
948,Here's a doggo trying to catch some fish. 8/10 futile af (vid by @KellyBauerx) https://t.co/jwd0j6oWLE,None
949,RT @dog_rates: Everyone needs to watch this. 13/10 https://t.co/Bb3xnpsWBC,None
956,Please stop sending it pictures that don't even have a doggo or pupper in them. Churlish af. 5/10 neat couch tho https://t.co/u2c9c7qSg8,None
958,Here's a pupper that's very hungry but too lazy to get up and eat. 12/10 (vid by @RealDavidCortes) https://t.co/lsVAMBq6ex,None
960,"""This photographer took pics of her best friend before and after she told them they were beautiful"" 12/10 https://t.co/510gJW9fsy",None
967,"13/10 such a good doggo
@spaghemily",None
968,"And finally, happy 4th of July from the squad üá∫üá∏ 13/10 for all https://t.co/Mr8Lr3iOUe",None
973,Pause your cookout and admire this pupper's nifty hat. 10/10 https://t.co/RG4C9IdNJM,None
982,Duuun dun... duuun dun... dunn  dun. dunn dun. dun dun dun dun dun dun dun dun dun dun dun dun dun dun dun. 10/10 https://t.co/9qdJ2Q1Cwx,None
990,#BarkWeek is getting rather heckin terrifying over here. Doin me quite the spooken. 13/10 (vid by @corgi_zero) https://t.co/eA7k1ZQslA,None
995,"""So... we meat again"" (I'm so sorry for that pun I couldn't resist pls don't unfollow) 10/10 https://t.co/XFBrrqapZa",None
996,SWIM AWAY PUPPER SWIM AWAY 13/10 #BarkWeek  https://t.co/QGGhZoTcwy,None
998,"This sherk must've leapt out of the water and into the canoe, trapping the human. Won't even help paddle smh. 7/10 https://t.co/KubWEqOIgO",None
999,Stop what you're doing and watch this heckin masterpiece right here. Both 13/10 https://t.co/3BOVI2WZoH,None
1000,PUPPER NOOOOO BEHIND YOUUU 10/10 pls keep this pupper in your thoughts https://t.co/ZPfeRtOX0Q,None
1001,Pls don't send more sherks. I don't care how seemingly floofy they are. It does me so much frighten. Thank u. 11/10 https://t.co/oQqlOsla4R,None
1005,Other pupper asked not to have his identity shared. Probably just embarrassed about the headbutt. Also 12/10 it'll be ok mystery pup,None
1008,Again w the sharks guys. This week is about dogs ACTING or DRESSING like sharks. NOT actual sharks. Thank u ...11/10 https://t.co/Ie2mWXWjpr,None
1009,Guys pls stop sending actual sharks. It's too dangerous for me and the people taking the photos. Thank you ...10/10 https://t.co/12lICZN2SP,None
1010,Never seen a shark hold another shark like this before. Must be evolving. Both 10/10 please only send dogs though https://t.co/x4IUNKV79Y,None
1012,RT @dog_rates: This pupper killed this great white in an epic sea battle. Now wears it as a trophy. Such brave. Much fierce. 13/10 https://‚Ä¶,None
1015,"Guys... I said DOGS with ""shark qualities"" or ""costumes."" Not actual sharks. This did me a real frighten ...11/10 https://t.co/DX1JUHJVN7",None
1016,"PUPDATE: can't see any. Even if I could, I couldn't reach them to pet. 0/10 much disappointment https://t.co/c7WXaB2nqX",None
1018,"Guys... Dog Jesus 2.0
13/10 buoyant af https://t.co/CuNA7OwfKQ",None
1019,When you just can't resist... 10/10 topnotch tongue https://t.co/jeWEGUgbXf,None
1022,Here's a golden floofer helping with the groceries. Bed got in way. Still 11/10 helpful af (vid by @categoen) https://t.co/6ZRoZUWFmd,None
1039,Here's a doggo realizing you can stand in a pool. 13/10 enlightened af (vid by Tina Conrad) https://t.co/7wE9LTEXC4,None
1042,When you're given AUX cord privileges from the back seat and accidentally start blasting an audiobook... both 10/10 https://t.co/gCCrY8P0K9,None
1043,RT @dog_rates: Extremely intelligent dog here. Has learned to walk like human. Even has his own dog. Very impressive 10/10 https://t.co/0Dv‚Ä¶,None
1051,"For anyone who's wondering, this is what happens after a doggo catches it's tail... 11/10 https://t.co/G4fNhzelDv",None
1053,"Was just informed about this hero pupper and others like her. Another 14/10, would be an absolute honor to pet https://t.co/hBTzPmj36Z",None
1058,When your crush won't pay attention to you. Both 10/10 tragic af https://t.co/d3LELGVlqu,None
1065,Here we are witnessing the touchdown of a pupnado. It's not funny it's actually very deadly. 9/10 might still pet https://t.co/CmLoKMbOHv,None
1068,"After so many requests, this is Bretagne. She was the last surviving 9/11 search dog, and our second ever 14/10. RIP https://t.co/XAVDNDaVgQ",None
1069,When the photographer forgets to tell you where to look... 10/10 https://t.co/u1GHWxhC85,None
1075,Here's a doggo that don't need no human. 12/10 independent af (vid by @MichelleLiuCee) https://t.co/vdgtdb6rON,None
1077,This... is a Tyrannosaurus rex. We only rate dogs. Please only send in dogs. Thank you ...10/10 https://t.co/zxw8d5g94P,None
1079,Here's a doggo blowing bubbles. It's downright legendary. 13/10 would watch on repeat forever (vid by Kent Duryee) https://t.co/YcXgHfp1EC,None
1080,@mount_alex3 13/10,None
1082,When a single soap orb changes your entire perception of the universe... 10/10 https://t.co/9eCXpVExJc,None
1084,"""Don't talk to me or my son ever again"" ...10/10 for both https://t.co/s96OYXZIfK",None
1085,"For the last time, we only rate dogs. Pls stop sending other animals like this Duck-Billed Platypus. Thank you. 9/10 https://t.co/twxYcPOafl",None
1090,We only rate dogs. Pls stop sending in non-canines like this Slovak Car Bunny. It makes my job very difficult. 11/10 https://t.co/VflvQLH2y5,None
1091,Just wanted to share this super rare Rainbow Floofer in case you guys haven't seen it yet. 13/10 colorful af https://t.co/CaG9MzD3WT,None
1093,Everybody stop what you're doing and watch these puppers enjoy summer. Both 13/10 https://t.co/wvjqSCN6iC,None
1098,Right after you graduate vs when you remember you're on your own now and can barely work a washing machine ...10/10 https://t.co/O1TLuYjsNS,None
1100,*faints* 12/10 perfection in pupper form https://t.co/t6TxTwTLEK,None
1102,We only rate dogs. Please stop sending in your 31 year old sons that won't get out of your house. Thank you... 11/10 https://t.co/aTU53NNUkt,None
1106,This dog is more successful than I will ever be. 13/10 absolute legend https://t.co/BPoaHySYwA,None
1108,When your friend is turnt af and you're just trying to chill. 10/10 (vid by @presgang) https://t.co/OufVDk23JC,None
1111,"""Ello this is dog how may I assist"" ...10/10 https://t.co/jeAENpjH7L",None
1113,"Like father (doggo), like son (pupper). Both 12/10 https://t.co/pG2inLaOda",None
1116,"When your teacher agreed on 10,000 RTs and no final but after 24 hours you only have 37... 10/10 https://t.co/sVnJfWVjUp",None
1127,"""Challenge completed"" 
(pupgraded to 12/10) https://t.co/85dTK7XCXB",None
1130,"""Challenge accepted""
10/10 https://t.co/vNjvr5Bl9u",None
1132,"When you're way too slow for the ""down low"" portion of a high five. 13/10 https://t.co/Cofwoy7Vpq",None
1141,Here's a doggo struggling to cope with the winds. 13/10 https://t.co/qv3aUwaouT,None
1142,This pupper had to undergo emergency haircut surgery so he could hear again. 10/10 miraculous af https://t.co/fUyDIFkBwx,None
1143,This pupper was about to explain where that dirt came from but then decided against it. 11/10 https://t.co/SbaelU6zRs,None
1144,I swear to god if we get sent another Blue Madagascan Peacock we'll deactivate. We üëè Only üëè Rate üëè Dogs... 9/10 https://t.co/bbta2Q4URK,None
1146,When you're trying to enjoy yourself but end up having to take care of your way too drunk friend. 11/10 https://t.co/BRkhj6tdN0,None
1150,I'm getting super heckin frustrated with you all sending in non canines like this ostrich. We only rate dogs... 9/10 https://t.co/Rgbni2Ns8z,None
1154,"Pup had to be removed cuz it wouldn't have been fair to the opposing team. 13/10 absolute legend ‚öΩÔ∏è
https://t.co/BHICimO58W",None
1156,Nothin better than a doggo and a sunset. 11/10 https://t.co/JlFqOhrHEs,None
1165,Happy 4/20 from the squad! 13/10 for all https://t.co/eV1diwds8a,None
1171,Garden's coming in nice this year. 10/10 https://t.co/5Lra3e4rrw,None
1176,This doggo was initially thrilled when she saw the happy cartoon pup but quickly realized she'd been deceived. 10/10 https://t.co/mvnBGaWULV,None
1184,We normally don't rate marshmallows but this one appears to be flawlessly toasted so I'll make an exception. 10/10 https://t.co/D9jbbmPmos,None
1186,Get you a pup that can do both. 10/10 https://t.co/zSbyvm62xZ,None
1188,"This pic is old but I hadn't seen it until today and had to share. Creative af. 13/10 very good boy, would pet well https://t.co/4kD16wMA1Z",None
1192,"Here's a badass mystery pupper. You weren't aware that you owe him money, but you do. 10/10 shades sick af https://t.co/fv9e9AtzSG",None
1200,"There has clearly been a mistake. Pup did nothing wrong. 12/10 would help escape
https://t.co/Juid3nnLbC",None
1204,Here's a super majestic doggo and a sunset 11/10 https://t.co/UACnoyi8zu,None
1217,Just in case anyone's having a bad day. 12/10 would bounce with https://t.co/T9sgP9ttnQ,None
1220,Here are two lil cuddly puppers. Both 12/10 would snug like so much https://t.co/zO4eb7C4tG,None
1224,Happy Easter from the squad! üêáüê∂ 13/10 for all https://t.co/YMx4KWJUAB,None
1225,"I know we only rate dogs, but since it's Easter I guess we could rate a bunny for a change. 10/10 petable as hell https://t.co/O2RlKXigHu",None
1228,Happy Saturday here's 9 puppers on a bench. 99/90 good work everybody https://t.co/mpvaVxKmc1,None
1230,Here we see an extremely rare Bearded Floofmallow. Only a few left in the wild. 11/10 would pet with a purpose https://t.co/jVJJKlPbvq,None
1234,Please don't send in any more polar bears. We only rate dogs. Thank you... 10/10 https://t.co/83RGhdIQz2,None
1237,"Reminder that we made our first set of stickers available! All are 12/10 would stick
Use code ""pupper"" at checkoutüê∂

https://t.co/kJIMNyMNKV",None
1238,I can't even comprehend how confused this dog must be right now. 10/10 https://t.co/8AGcQ4hIfK,None
1242,RT @twitter: @dog_rates Awesome Tweet! 12/10. Would Retweet. #LoveTwitter https://t.co/j6FQGhxYuN,None
1245,I want to hear the joke this dog was just told. 10/10 https://t.co/1KiuZqqOD4,None
1246,Oh. My. God. 13/10 magical af https://t.co/Ezu6jQrKAZ,None
1248,"""Please, no puparazzi"" 11/10 https://t.co/nJIXSPfedK",None
1249,What hooligan sent in pictures w/out a dog in them? Churlish af. 3/10 just bc that's a neat fluffy bean bag chair https://t.co/wcwoGOkZvz,None
1254,Here's a brigade of puppers. All look very prepared for whatever happens next. 80/80 https://t.co/0eb7R1Om12,None
1255,I've watched this a million times and you probably will too. 12/10 (vid by @emily_galasso) https://t.co/DU7Rb3NDiy,None
1260,"The squad is back for St. Patrick's Day! ‚òò üíö
13/10 for all https://t.co/OcCDb2bng5",None
1263,This pupper got her hair chalked for her birthday. Hasn't told her parents yet. Rebellious af. 11/10 very nifty https://t.co/h1OX2mLtxV,None
1265,"WeRateDogs stickers are here and they're 12/10! Use code ""puppers"" at checkout üê∂üêæ

Shop now: https://t.co/k5xsufRKYm https://t.co/ShXk46V13r",None
1266,*lets out a tiny whimper and then collapses* ...12/10 https://t.co/BNdVZEHRow,None
1274,"From left to right:
Cletus, Jerome, Alejandro, Burp, &amp; Titson
None know where camera is. 45/50 would hug all at once https://t.co/sedre1ivTK",None
1279,Here's a pupper with magic eyes. Not wearing a seat belt tho (irresponsible af). Very distracting to driver. 9/10 https://t.co/5DLJB4ssvI,None
1286,RT if you are as ready for summer as this pup is 12/10 https://t.co/xdNNEZdGJY,None
1290,Please stop sending in non canines like this Guatemalan Twiggle Bunny. We only rate dogs. Only send in dogs... 11/10 https://t.co/XKhobeGuvT,None
1293,Everybody stop what you're doing and watch this video. Frank is stuck in a loop. 13/10 (Vid by @klbmatty) https://t.co/5AJs8TIV1U,None
1295,@serial @MrRoles OH MY GOD I listened to all of season 1 during a single road trip. I love you guys! I can confirm Bernie's 12/10 rating :),None
1298,When your roommate eats your leftover Chili's but you pretend it's no big deal cuz you fat anyway. 10/10 head up pup https://t.co/0nMgoue8IR,None
1299,He's doing his best. 12/10 very impressive that he got his license in the first place  https://t.co/2vRmkkOLcN,None
1301,We usually don't rate marshmallows but this one's having so much fun in the snow. 10/10 (vid by @kylejk24) https://t.co/NL2KwOioBh,None
1304,"""I shall trip the big pupper with leash. Big pupper will never see it coming. I am a genius."" Both 11/10 https://t.co/uQsCJ8pf51",None
1306,This dog just brutally murdered a snowman. Currently toying with its nutritious remains 9/10 would totally still pet https://t.co/iKThgKnW1j,None
1313,Ever seen a dog pet another dog? Both 13/10 truly an awe-inspiring scene. (Vid by @mdougherty20) https://t.co/3PoKf6cw7f,None
1317,Here's a sneak peek of me on spring break. 10/10 so many tired pups these days https://t.co/6aJrjKfNqX,None
1319,Please enjoy this pup in a cooler. Permanently ready for someone to throw a tennis ball his way. 12/10 https://t.co/KUS0xl7XIp,None
1321,Here's a very sleepy pupper. Thinks it's an airplane. 12/10 would snug for eternity https://t.co/GGmcTIkBbf,None
1322,When you're just relaxin and having a swell time but then remember you have to fill out the FAFSA ...11/10 https://t.co/qy33OBcexg,None
1324,"He was doing his best. 12/10 I'll be his lawyer
https://t.co/WN4C6miCzR",None
1330,"Seriously, add us üê∂ 11/10 for sad wet pupper https://t.co/xwPE9faVZR",None
1331,"""Ma'am, for the last time, I'm not authorized to make that type of transaction"" 11/10 https://t.co/nPTBsdm3BF",None
1339,I found a forest Pipsy. 12/10 https://t.co/mIQ1KoVsmU,None
1341,"""Yes hi could I get a number 4 with no pickles"" ...12/10 https://t.co/kQPVxqA3gq",None
1343,This pupper killed this great white in an epic sea battle. Now wears it as a trophy. Such brave. Much fierce. 13/10 https://t.co/Lu0ECu5tO5,None
1344,When you wake up from a long nap and have no idea who you are. 12/10 https://t.co/dlF93GLnDc,None
1345,"13/10 hero af
@ABC",None
1349,This sneezy pupper is just adorable af. 12/10 (vid by @gwilks1) https://t.co/h5aI0Tim4j,None
1352,"""YOU CAN'T HANDLE THE TRUTH"" both 10/10 https://t.co/ZvxdB4i9AG",None
1353,When you're trying to watch your favorite tv show but your friends keep interrupting. 10/10 relatable af https://t.co/QQZDCYl6zT,None
1356,"Really guys? Again? I know this is a rare Albanian Bingo Seal, but we only rate dogs. Only send in dogs... 9/10 https://t.co/6JYLpUmBrC",None
1357,This pupper doesn't understand gates. 10/10 so close https://t.co/GUbFF4o6dZ,None
1360,Happy Friday here's a sleepy pupper 12/10 https://t.co/eBcqv9SPkY,None
1370,Please enjoy this picture as much as I did. 12/10 https://t.co/7u8mM99Tj5,None
1371,"""AND IIIIIIIIIIIEIIIIIIIIIIIII WILL ALWAYS LOVE YOUUUUU"" 11/10 https://t.co/rSNCEiTtfI",None
1372,"I know it's tempting, but please stop sending in pics of Donald Trump. Thank you ...9/10 https://t.co/y35Y1TJERY",None
1376,Please pray for this pupper. Nothing wrong with her she just can't stop getting hit with banana peels. 11/10 https://t.co/8sdVenUAqr,None
1380,"I'm not sure what's happening here, but it's pretty spectacular. 12/10 for both https://t.co/JKXh0NbBNL",None
1390,If a pupper gave that to me I'd probably start shaking and faint from all the joy. 11/10 https://t.co/o9aJVPB25n,None
1391,When it's Janet from accounting's birthday but you can't eat the cake cuz it's chocolate. 10/10 hang in there pupper https://t.co/Fbdr5orUrJ,None
1397,Take all my money. 10/10 https://t.co/B28ebc5LzQ,None
1401,I know this is a tad late but here's a wonderful Valentine's Day pupper 12/10 https://t.co/hTE2PEwGvi,None
1402,"""Don't ever talk to me or my son again."" ...both 10/10 https://t.co/b8ncwl6TlE",None
1405,"""I'm bathing the children what do you want?""  ...both 10/10 https://t.co/Rizm1LWh4z",None
1408,ERMAHGERD 12/10 please enjoy https://t.co/7WrAWKdBac,None
1410,HAPPY V-DAY FROM YOUR FAV PUPPER SQUAD 13/10 for all https://t.co/7u6VnZ1UFe,None
1413,This dog is never sure if he's doing the right thing. 10/10 https://t.co/GXq43zFfBu,None
1416,Here we are witnessing five Guatemalan Birch Floofs in their natural habitat. All 12/10 (Vid by @pootdanielle) https://t.co/rb8nzVNh7F,None
1423,"""Dammit hooman quit playin I jus wanna wheat thin"" 11/10 https://t.co/yAASRDPJnQ",None
1427,Pls make sure ur dogs have gone through some barkour training b4 they attempt stunts like this. 8/10 https://t.co/VmF35YvtqP,None
1428,This pupper doubles as a hallway rug. Very rare. Versatile af. 11/10 https://t.co/Jxd5pR02Cn,None
1429,Here's a pupper with a piece of pizza. Two of everybody's favorite things in one photo. 11/10 https://t.co/5USjFjKI7Z,None
1433,Happy Wednesday here's a bucket of pups. 44/40 would pet all at once https://t.co/HppvrYuamZ,None
1439,These two pirates crashed their ship and don't know what to do now. Very irresponsible of them. Both 9/10 https://t.co/RJvUjgGH5z,None
1440,Guys I found the dog from Up. 12/10 https://t.co/WqoZtX9jmJ,None
1445,Oh my god 10/10 for every little hot dog pupper,None
1446,After reading the comments I may have overestimated this pup. Downgraded to a 1/10. Please forgive me,None
1447,12/10 revolutionary af https://t.co/zKzq4nIY86,None
1449,This poor pupper has been stuck in a vortex since last week. Please keep her in your thoughts. 10/10 https://t.co/7ODQWHwYDx,None
1450,Here's a dog enjoying a sunset. 11/10 would trade lives with https://t.co/VsQdLxrv9h,None
1452,If you are aware of who is making these please let me know. 13/10 vroom vroom https://t.co/U0D1sbIDrG,None
1454,We normally don't rate unicorns but this one has 3 ears so it must be super rare. 12/10 majestic af https://t.co/f9qlKiv39T,None
1459,"This may be the greatest video I've ever been sent. 4/10 for Charles the puppy, 13/10 overall. (Vid by @stevenxx_) https://t.co/uaJmNgXR2P",None
1461,Please only send in dogs. This t-rex is very scary. 5/10 ...might still pet (vid by @helizabethmicha) https://t.co/Vn6w5w8TO2,None
1464,"This pupper only appears through the hole of a Funyun. Much like Phineas, this one is also mysterious af. 10/10 https://t.co/SQsEBWxPyG",None
1466,It's okay pup. This happens every time I listen to @adele also. 11/10 (vid by @_larirutschmann) https://t.co/oCImpQuoRb,None
1468,"""Martha come take a look at this. I'm so fed up with the media's unrealistic portrayal of dogs these days."" 10/10 https://t.co/Sd4qAdSRqI",None
1471,These lil fellas are the best of friends. 12/10 for both. 1 like = 1 friend (vid by @CassieBrookee15) https://t.co/gzRghPC61H,None
1473,What kind of person sends in a pic without a dog in it? So churlish. Neat rug tho 7/10 https://t.co/LSTAwTdTaw,None
1474,BREAKING PUPDATE: I've just been notified that (if in U.S.) this dog appears to be operating the vehicle. Upgraded to 10/10. Skilled af,None
1476,This pupper is afraid of its own feet. 12/10 would comfort https://t.co/Tn9Mp0oPoJ,None
1477,When you keepin the popcorn bucket in your lap and she reach for some... 10/10 https://t.co/a1IrjaID3X,None
1479,"Personally I'd give him an 11/10. Not sure why you think you're qualified to rate such a stellar pup.
@CommonWhiteGirI",None
1483,I hope you guys enjoy this beautiful snowy pupper as much as I did. 11/10 https://t.co/DYUsHtL2aR,None
1486,"""Thank you friend that was a swell petting"" 11/10 (vid by @MatthewjamesMac) https://t.co/NY3cPAZAIM",None
1488,Please only send in dogs. Don't submit other things like this pic of Kenny Chesney in a bathtub. Thank you. 9/10 https://t.co/TMpDHHGspy,None
1490,"""Fuck the system"" 10/10 https://t.co/N0OADmCnVV",None
1492,This pupper just descended from heaven. 12/10 can probably fly https://t.co/X6X9wM7NuS,None
1493,"""Hello yes could I get one pupper to go please thank you""
Both 13/10 https://t.co/kYWcXbluUu",None
1497,PUPDATE: just noticed this dog has some extra legs. Very advanced. Revolutionary af. Upgraded to a 9/10,None
1501,These are some pictures of Teddy that further justify his 13/10 rating. Please enjoy https://t.co/tDkJAnQsbQ,None
1505,We usually don't rate penguins but this one is in need of a confidence boost after that slide. 10/10 https://t.co/qnMJHBxPuo,None
1506,"THE BRITISH ARE COMING
THE BRITISH ARE COMING
10/10 https://t.co/frGWV7IP6J",None
1508,When bae says they can't go out but you see them with someone else that same night. 5/10 &amp; 10/10 for heartbroken pup https://t.co/aenk0KpoWM,None
1511,I present to you... Dog Jesus. 13/10 (he could be sitting on a rock but I doubt it) https://t.co/fR1P3g5I6k,None
1513,Here we see one dog giving a puptalk to another dog. Both are focused af. Left one has powerful feet. 11/10 for both https://t.co/fUacc13OrW,None
1514,Happy Saturday here's a dog in a mailbox. 12/10 https://t.co/MM7tb4HpEY,None
1515,We've got a doggy down. Requesting backup. 12/10 for both. Please enjoy  https://t.co/pmarb2dG0e,None
1516,This golden is happy to refute the soft mouth egg test. Not a fan of sweeping generalizations. 11/10 #notallpuppers https://t.co/DgXYBDMM3E,None
1517,"She thought the sunset was pretty, but I thought she was prettier. 10/10 https://t.co/HSL3mnP5NX",None
1523,12/10 @LightningHoltt,None
1531,This pupper can only sleep on shoes. It's a crippling disease. Tearing his family apart. 12/10 I'd totally pet tho https://t.co/03XlvS8izg,None
1532,"""I'm the only one that ever does anything in this household"" 10/10 https://t.co/V8HcVIh4jt",None
1534,Here we are witnessing a rare High Stepping Alaskan Floofer. 12/10 dangerously petable (vid by @TheMrsNux) https://t.co/K4s9IJh2jm,None
1535,Happy Wednesday here's a pup wearing a beret. 12/10 please enjoy https://t.co/MXedEzSHIf,None
1542,Here we see 33 dogs posing for a picture. All get 11/10 for superb cooperation https://t.co/TRAri5iHzd,None
1543,Downright majestic af 12/10 https://t.co/WFh2FEbYzj,None
1545,Someone sent me this without any context and every aspect of it is spectacular. 13/10 please enjoy https://t.co/Rxrd4hPmp4,None
1550,We normally don't rate birds but I feel bad cos this one forgot to fly south for the winter. 9/10 just wants a bath https://t.co/o47yitCn9N,None
1552,This pupper just wants to say hello. 11/10 would knock down fence for https://t.co/A8X8fwS78x,None
1554,When you have a ton of work to do but then remember you have tomorrow off. 10/10 https://t.co/MfEaMUFYTx,None
1557,When you stumble but recover quickly cause your crush is watching. 12/10 https://t.co/PMeq6IedU7,None
1560,This pupper is sprouting a flower out of her head. 12/10 revolutionary af https://t.co/glmvQBRjv4,None
1564,Please send dogs. I'm tired of seeing other stuff like this dangerous pirate. We only rate dogs. Thank you... 10/10 https://t.co/YdLytdZOqv,None
1566,13/10 I can't stop watching this (vid by @k8lynwright) https://t.co/nZhhMRr5Hp,None
1568,With great pupper comes great responsibility. 12/10 https://t.co/hK6xB042EP,None
1574,Another magnificent photo. 12/10 https://t.co/X5w387K5jr,None
1579,"""You got any games on your phone"" 7/10 for invasive brown Dalmatian pupper https://t.co/yzGR9xjE9Q",None
1583,Army of water dogs here. None of them know where they're going. Have no real purpose. Aggressive barks. 5/10 for all https://t.co/A88x73TwMN,None
1584,This pupper's New Year's resolution was to become a Hershey's kiss. 11/10 she's super pumped about it https://t.co/D7jYj6vdwC,None
1586,This pupper forgot how to walk. 12/10 happens to all of us (vid by @bbuckley96) https://t.co/KFTrkSOuu3,None
1587,Strange pup here. Easily manipulated. Rather inbred. Sharp for a dog. Appears uncomfortable. 8/10 would still pet https://t.co/nSQrhwbk1V,None
1588,I just love this picture. 12/10 lovely af https://t.co/Kc84eFNhYU,None
1592,This pup's having a nightmare that he forgot to type a paper due first thing in the morning. 12/10 (vid by ... https://t.co/CufnbUT0pB,None
1595,Heartwarming scene here. Son reuniting w father after coming home from deployment. Very moving. 10/10 for both pups https://t.co/95JJevQOWW,None
1596,When bae calls your name from across the room. 12/10 (vid by @christinemcc98) https://t.co/xolcXA6gxe,None
1598,"Yes I do realize a rating of 4/20 would've been fitting. However, it would be unjust to give these cooperative pups that low of a rating",None
1599,Your fav crew is back and this time they're embracing cannabis culture. 12/10 for all https://t.co/oSvRDuMm1D,None
1600,This pupper has a magical eye. 11/10 I can't stop looking at it https://t.co/heAGpKTpPW,None
1605,Jack deserves another round of applause. If you missed this earlier today I strongly suggest reading it. Wonderful first 14/10 üê∂‚ù§Ô∏è,None
1609,Everybody needs to read this. Jack is our first 14/10. Truly heroic pupper https://t.co/3m6bNGXWnM,None
1610,"For the last time, WE. DO. NOT. RATE. BULBASAUR. We only rate dogs. Please only send dogs. Thank you ...9/10 https://t.co/GboDG8WhJG",None
1611,"""Tristan do not speak to me with that kind of tone or I will take away the Xbox."" 10/10 https://t.co/VGPH0TfESw",None
1613,I would like everyone to appreciate this pup's face as much as I do. 11/10 https://t.co/QIe7oxkSNo,None
1618,"For those who claim this is a goat, u are wrong. It is not the Greatest Of All Time. The rating of 5/10 should have made that clear. Thank u",None
1622,"""Hello yes I'll just get one of each color thanks"" 12/10 for all https://t.co/AMDsllQs7a",None
1624,Here we have a basking dino pupper. Looks powerful. Occasionally shits eggs. Doesn't want the holidays to end. 5/10 https://t.co/DnNweb5eTO,None
1625,This little fella really hates stairs. Prefers bush. 13/10 legendary pupper https://t.co/e3LPMAHj7p,None
1627,"""FOR THE LAST TIME I DON'T WANNA PLAY TWISTER ALL THE SPOTS ARE GREY DAMN IT CINDY"" ...10/10 https://t.co/uhQNehTpIu",None
1628,This pupper just got his first kiss. 12/10 he's so happy https://t.co/2sHwD7HztL,None
1630,"After watching this video, we've determined that Pippa will be upgraded to a 12/10. Please enjoy https://t.co/IKoRK4yoxV",None
1634,"Two sneaky puppers were not initially seen, moving the rating to 143/130. Please forgive us. Thank you https://t.co/kRK51Y5ac3",None
1635,Someone help the girl is being mugged. Several are distracting her while two steal her shoes. Clever puppers 121/110 https://t.co/1zfnTJLt55,None
1636,Gang of fearless hoofed puppers here. Straight savages. Elevated for extra terror. Front one has killed before 6/10s https://t.co/jkCb25OWfh,None
1638,"""Yo Boomer I'm taking a selfie, grab your stick""
""Ok make sure to get this rad hole I just dug in there""

Both 10/10 https://t.co/e0gbl9VFpA",None
1641,Heartwarming scene of two pups that want nothing more than to be together. Touching af. Great tongue. Both 11/10 https://t.co/k32mSlRx0j,None
1646,Here we see a faulty pupper. Might need to replace batteries. Try turning off &amp; back on again. 9/10 would still pet https://t.co/O1E4AtHVxO,None
1647,Breathtaking pupper here. Should be on the cover of Dogue. Top-notch tongue. Appears considerably fluffy. 12/10 https://t.co/Eeh3yfdglS,None
1650,HEY PUP WHAT'S THE PART OF THE HUMAN BODY THAT CONNECTS THE FOOT AND THE LEG? 11/10 so smart https://t.co/XQ1tRUmO3z,None
1653,"""Hello forest pupper I am house pupper welcome to my abode"" (8/10 for both) https://t.co/qFD8217fUT",None
1654,I just want to be friends with this dog. Appears to be into the sports. A true brobean. 10/10 would introduce to mom https://t.co/1Z7Q6svWpe,None
1656,"""Have a seat, son. There are some things we need to discuss"" 10/10 https://t.co/g4G5tvfTVd",None
1659,aahhhhkslaldhwnxmzbbs 12/10 for being da smooshiest https://t.co/UOPdXmUz4H,None
1660,Here we see a nifty leaping pupper. Feet look deadly. Sad that the holidays are over. 9/10 undeniably huggable https://t.co/ny8mnXhGOW,None
1663,"I'm aware that I could've said 20/16, but here at WeRateDogs we are very professional. An inconsistent rating scale is simply irresponsible",None
1664,"Happy New Year from your fav holiday squad! üéâ 12/10 for all

Here's to a pupper-filled year üçªüê∂üê∂üê∂ https://t.co/ZSdEj59FGf",None
1666,NAAAAAAA ZAPENYAAAAA MABADI-CHIBAWAAA 12/10 https://t.co/Ny4iM6FDtz,None
1668,I have no words. Just a magnificent pup. 12/10 https://t.co/viwWHZgX8j,None
1669,"I know we joke around on here, but this is getting really frustrating. We rate dogs. Not T-Rex. Thank you... 8/10 https://t.co/5aFw7SWyxU",None
1676,I'm not sure what this dog is doing but it's pretty inspirational. 12/10 https://t.co/4Kn9GEHXiE,None
1678,We normally don't rate bears but this one seems nice. Her name is Thea. Appears rather fluffy. 10/10 good bear https://t.co/fZc7MixeeT,None
1680,Unique dog here. Wrinkly as hell. Weird segmented neck. Finger on fire. Doesn't seem to notice. 5/10 might still pet https://t.co/Hy9La4xNX3,None
1684,Can you spot Toby the guilty pupper? 7/10 would be higher but he made quite the mess shredding his stuffed pals https://t.co/3uCcDEJLXs,None
1686,*collapses* 12/10 https://t.co/C7M8mnzHIK,None
1689,I've been told there's a slight possibility he's checking his mirror. We'll bump to 9.5/10. Still a menace,None
1697,I just love this pic. 11/10 this pupper is going places https://t.co/P16uhh1PbI,None
1699,I thought I made this very clear. We only rate dogs. Stop sending other things like this shark. Thank you... 9/10 https://t.co/CXSJZ4Stk3,None
1706,This guy's dog broke. So sad. 9/10 would still pet https://t.co/BYiXJDEzv7,None
1707,Great picture here. Dog on the right panicked &amp; forgot about his tongue. Middle green dog must've fainted. All 10/10 https://t.co/31npKUAox0,None
1712,Here we have uncovered an entire battalion of holiday puppers. Average of 11.26/10 https://t.co/eNm2S6p9BD,None
1714,Merry Christmas. My gift to you is this tiny unicorn running into a wall in slow motion. 11/10 https://t.co/UKqIAnR3He,None
1717,Here's a sleepy Christmas pupper 11/10 https://t.co/KXg0f8GNQ9,None
1718,This pupper is patiently waiting to scare the shit out of Santa. 10/10 https://t.co/NhXo67K6yt,None
1723,This pupper is not coming inside until she catches a snowflake on her tongue. 11/10 the determination is palpable https://t.co/lvMYbmKq8H,None
1729,"""Dammit hooman I'm jus trynna lik the fler"" 11/10 https://t.co/eRZRI8OTj7",None
1732,Everybody look at this beautiful pupper 13/10 https://t.co/hyAC5Hq9GC,None
1734,This pup's name is Sabertooth (parents must be cool). Ears for days. Jumps unannounced. 9/10 would pet diligently https://t.co/iazoiNUviP,None
1738,This little pupper just arrived. 11/10 would snug https://t.co/DA5aqnSGfB,None
1743,Crazy unseen footage from Jurassic Park. 10/10 for both dinosaur puppers https://t.co/L8wt2IpwxO,None
1745,I know everyone's excited for Christmas but that doesn't mean you can send in reindeer. We only rate dogs... 8/10 https://t.co/eWjWgbOCYL,None
1749,This dog doesn't know how to stairs. Quite tragic really. 9/10 get it together pup https://t.co/kTpr9PTMg1,None
1751,If your Monday isn't going so well just take a look at this. Both 12/10 https://t.co/GJT6SILPGU,None
1753,Here's a pupper with some mean tan lines. Snazzy sweater though 12/10 https://t.co/DpCSVsl6vu,None
1760,Here we are witnessing a wild field pupper. Lost his wallet in there. Rather unfortunate. 10/10 good luck pup https://t.co/sZy9Co74Bw,None
1761,Exotic pup here. Tail long af. Throat looks swollen. Might breathe fire. Exceptionally unfluffy 2/10 would still pet https://t.co/a8SqCaSo2r,None
1763,Touching scene here. Really stirs up the emotions. The bond between father &amp; son. So beautiful. 10/10 for both pups https://t.co/AJWJHov5gx,None
1766,This made my day. 12/10 please enjoy https://t.co/VRTbo3aAcm,None
1767,These little fellas have opposite facial expressions. Both 12/10 https://t.co/LmThv0GWen,None
1770,This pupper likes tape. 12/10 https://t.co/cSp6w5GWgm,None
1772,Another spooky pupper here. Most definitely floating. No legs. Probably knows some dark magic. 10/10 very spooked https://t.co/JK8MByRzgj,None
1774,After getting lost in Reese's eyes for several minutes we're going to upgrade him to a 13/10,None
1777,"""Everything looks pretty good in there. Make sure to brush your gums. Been flossing? How's school going?"" Both 10/10 https://t.co/lWL2IMJqLR",None
1778,Guys this was terrifying. Really spooked me up. We don't rate ghosts. We rate dogs. Please only send dogs... 9/10 https://t.co/EJImi1udYb,None
1779,IT'S PUPPERGEDDON. Total of 144/120 ...I think https://t.co/ZanVtAtvIq,None
1782,This was Cindy's face when she heard Susan forgot the snacks for after the kid's soccer game. 11/10 https://t.co/gzkuVGRgAD,None
1783,Endangered triangular pup here. Could be a wizard. Caught mid-laugh. No legs. Just fluff. Probably a wizard. 9/10 https://t.co/GFVIHIod0Z,None
1784,"In honor of the new Star Wars movie. Here's Yoda pug. 12/10 pet really well, would I https://t.co/pvjdRn00XH",None
1787,Contortionist pup here. Inside pentagram. Clearly worships Satan. Known to slowly push fragile stuff off tables 6/10 https://t.co/EX9oR55VMe,None
1788,Reckless pupper here. Not even looking at road. Absolute menace. No regard for fellow pupper lives. 10/10 still cute https://t.co/96IBkOYB7j,None
1789,Not much to say here. I just think everyone needs to see this. 12/10 https://t.co/AGag0hFHpe,None
1791,Downright inspiring 12/10 https://t.co/vSLtYBWHcQ,None
1792,This dog gave up mid jump. 9/10 https://t.co/KmMv3Y2zI8,None
1799,Here we see a Byzantine Rigatoni. Very aerodynamic. No eyes. Actually not windy here they just look like that. 9/10 https://t.co/gzI0m6wXRo,None
1801,10/10 I'd follow this dog into battle no questions asked https://t.co/ngTNXYQF0L,None
1804,This pups goal was to get all four feet as close to each other as possible. Valiant effort 12/10 https://t.co/2mXALbgBTV,None
1805,Who leaves the last cupcake just sitting there? 9/10 https://t.co/PWMqAoEx2a,None
1806,Here we see a rare pouched pupper. Ample storage space. Looks alert. Jumps at random. Kicked open that door. 8/10 https://t.co/mqvaxleHRz,None
1807,Super speedy pupper. Does not go gentle into that goodnight. 10/10 https://t.co/uPXBXS1XNb,None
1808,Exotic handheld dog here. Appears unathletic. Feet look deadly. Can be thrown a great distance. 5/10 might pet idk https://t.co/Avq4awulqk,None
1810,Finally some constructive political change in this country. 11/10 https://t.co/mvQaETHVSb,None
1811,Watch out Airbud. This pupper is also good at the sports. 12/10 I'm thinking D1 https://t.co/1HrFdo7M0C,None
1813,"When someone yells ""cops!"" at a party and you gotta get your drunk friend out of there. 10/10 https://t.co/4rMZi5Ca1k",None
1814,I promise this wasn't meant to be a cuteness overload account but ermergerd look at this cozy pupper. 13/10 https://t.co/mpQl2rJjDh,None
1816,*screeches for a sec and then faints* 12/10 https://t.co/N5QL4ySBEx,None
1818,This pupper loves leaves. 11/10 for committed leaf lover https://t.co/APvLqbEhkF,None
1819,After some outrage from the crowd. Bubbles is being upgraded to a 7/10. That's as high as I'm going. Thank you,None
1822,This pupper is very passionate about Christmas. Wanted to give the tree a hug. So cute. 8/10 https://t.co/NsGyECJuq7,None
1823,ITSOFLUFFAYYYYY 12/10 https://t.co/bfw13CnuuZ,None
1825,Three generations of pupper. 11/10 for all https://t.co/tAmQYvzrau,None
1826,Hope your Monday isn't too awful. Here's two baseball puppers. 11/10 for each https://t.co/dB0H9hdZai,None
1828,All this pupper wanted to do was go skiing. No one told him about the El Ni√±o. Poor pupper. 10/10 maybe next year https://t.co/fTgbq1UBR9,None
1832,These two pups just met and have instantly bonded. Spectacular scene. Mesmerizing af. 10/10 and 7/10 for blue dog https://t.co/gwryaJO4tC,None
1834,Here we are witnessing a very excited dog. Clearly has no control over neck movements. 8/10 would still pet https://t.co/ICNIjSkrXs,None
1836,Extremely rare pup here. Very religious. Always praying. Too many legs. Not overwhelmingly fluffy. Won't bark. 3/10 https://t.co/REyE5YKVBb,None
1837,"""Yes hello I'ma just snag this here toasted bagel real quick. carry on."" 9/10 https://t.co/Cuz0Osnekp",None
1838,I'm sure you've all seen this pupper. Not prepared at all for the flying disc of terror. 10/10 https://t.co/G0pQiFGM7O,None
1840,Breathtaking scene. A father taking care of his newborn pup. Tugs at the heartstrings. 10/10 restores my faith https://t.co/06oZdehGEa,None
1841,"Ok, I'll admit this is a pretty adorable bunny hopping towards the ocean but please only send in dogs... 11/10 https://t.co/sfsVCGIipI",None
1842,&amp; this is Yoshi. Another world record contender 11/10 (what the hell is happening why are there so many contenders?) https://t.co/QG708dDNH6,None
1843,Here we have an entire platoon of puppers. Total score: 88/80 would pet all at once https://t.co/y93p6FLvVw,None
1844,This dog is being demoted to a 9/10 for not wearing a helmet while riding. Gotta stay safe out there. Thank you,None
1846,üé∂ HELLO FROM THE OTHER SIIIIIIIIDE üé∂ 10/10s https://t.co/GK2HJtkdQk,None
1847,Here's a handful of sleepy puppers. All look unaware of their surroundings. Lousy guard dogs. Still cute tho 11/10s https://t.co/lyXX3v5j4s,None
1850,Here's a pupper licking in slow motion. 12/10 please enjoy https://t.co/AUJi8ujxw9,None
1852,We've got ourselves a battle here. Watch out Reggie. 11/10 https://t.co/ALJvbtcwf0,None
1857,12/10 stay woke https://t.co/XDiQw4Akiw,None
1858,"I shall call him squishy and he shall be mine, and he shall be my squishy. 13/10 https://t.co/WId5lxNdPH",None
1860,RT until we find this dog. Clearly a cool dog (front leg relaxed out window). Looks to be a superb driver. 10/10 https://t.co/MnTrKaQ8Wn,None
1861,Rare shielded battle dog here. Very happy about abundance of lettuce. Painfully slow fetcher. Still petable. 5/10 https://t.co/C3tlKVq7eO,None
1862,Happy Friday. Here's some golden puppers. 12/10 for all https://t.co/wNkqAED6lG,None
1863,"The tail alone is 13/10. Great dog, better owner https://t.co/IyAXinfyju",None
1865,Everyone needs to watch this. 13/10 https://t.co/Bb3xnpsWBC,None
1866,Yea I lied. Here's more. All 13/10 https://t.co/ZQZf2U4xCP,None
1867,Good morning here's a grass pupper. 12/10 https://t.co/2d68FmWGGs,None
1869,What kind of person sends in a picture without a dog in it? 1/10 just because that's a nice table https://t.co/RDXCfk8hK0,None
1870,holy shit 12/10 https://t.co/p6O8X93bTQ,None
1871,When you're presenting a group project and the 4th guy tells the teacher that he did all the work. 10/10 https://t.co/f50mbB4UWS,None
1873,What an honor. 3 dogs here. Blond one is clearly a gymnast. Other two just confused. Very nifty pups. 9/10 for all https://t.co/YDgstgIDGs,None
1882,Ok last one of these. I may try to make some myself. Anyway here ya go. 13/10 https://t.co/i9CDd1oEu8,None
1883,"When your entire life is crumbling before you and you're trying really hard to hold your shit together.
10/10 https://t.co/vqFkgYPCW8",None
1885,I have found another. 13/10 https://t.co/HwroPYv8pY,None
1886,ER... MER... GERD 13/10 https://t.co/L1puJISV1a,None
1888,Bedazzled pup here. Fashionable af. Super yellow. Looks hella fluffy. Webbed paws for efficient fetching. 8/10 https://t.co/ot8yMUGodj,None
1890,This pup was carefully tossed to make it look like she's riding that horse. I have no words this is fabulous. 12/10 https://t.co/Bob33W4sfD,None
1891,These two pups are masters of camouflage. Very dedicated to the craft. Both must've spent decades practicing. 10/10s https://t.co/RBiQ8hPqwr,None
1892,Just received another perfect photo of dogs and the sunset. 12/10 https://t.co/9YmNcxA2Cc,None
1893,Everyone please just appreciate how perfect these two photos are. 12/10 for both https://t.co/rLf7asnHxO,None
1895,Some clarification is required. The dog is singing Cher and that is more than worthy of an 11/10. Thank you,None
1896,"""üé∂ DO YOU BELIEVE IN LIFE AFTER LOVE üé∂""
11/10 https://t.co/URNs5zFskc",None
1901,Two gorgeous dogs here. Little waddling dog is a rebel. Refuses to look at camera. Must be a preteen. 5/10 &amp; 8/10 https://t.co/YPfw7oahbD,None
1902,When you see sophomores in high school driving. 11/10 https://t.co/m6aC8d1Kzp,None
1903,This pupper is fed up with being tickled. 12/10 I'm currently working on an elaborate heist to steal this dog https://t.co/F33n1hy3LL,None
1904,Rare submerged pup here. Holds breath for a long time. Frowning because that spoon ignores him. 5/10 would still pet https://t.co/EJzzNHE8bE,None
1905,The 13/10 also takes into account this impeccable yard. Louis is great but the future dad in me can't ignore that luscious green grass,None
1907,This pupper just wants a belly rub. This pupper has nothing to do w the tree being sideways now. 10/10 good pupper https://t.co/AyJ7Ohk71f,None
1914,"13/10
@ABC7",None
1918,"""AT DAWN, WE RIDE""
10/10 for both dogs https://t.co/3aXX6wH6it",None
1928,Herd of wild dogs here. Not sure what they're trying to do. No real goals in life. 3/10 find your purpose puppers https://t.co/t5ih0VrK02,None
1929,Yea I can't handle the cuteness anymore. Curls for days. 12/10 for all https://t.co/sAI6gCGZYX,None
1932,When you realize it doesn't matter how hard you study. You're still going to fail. 10/10 https://t.co/qzYXbyv0SJ,None
1935,This pup is sad bc he didn't get to be the toy car. Also he has shitty money management skills. 10/10 still cute tho https://t.co/PiSXXZjDSJ,None
1938,Guys I'm getting real tired of this. We only rate dogs. Please don't send in other things like this Bulbasaur. 3/10 https://t.co/t5rQHl6W8M,None
1939,When you're having a great time sleeping and your mom comes in and turns on the lights. 10/10 https://t.co/6qYd6BNSPd,None
1940,The millennials have spoken and we've decided to immediately demote to a 1/10. Thank you,None
1942,üé∂ HELLO FROM THE OTHER SIIIIIIIIDE üé∂ 10/10 https://t.co/MTOOksRzvH,None
1943,I know a lot of you are studying for finals. Good luck! Here's this. It should help somehow. 12/10 https://t.co/s2ktuPQd79,None
1947,Large blue dog here. Cool shades. Flipping us off w both hands. Obviously a preteen. 3/10 for rude blue preteen pup https://t.co/mcPd5AFfhA,None
1949,When you're having a blast and remember tomorrow's Monday. 11/10 https://t.co/YPsJasNVGe,None
1958,When you ask your professor about extra credit on the last day of class. 8/10 https://t.co/H6rqZyE4NP,None
1959,Sun burnt dog here. Quite large. Wants to promote peace. Looks unemployed. Ears for days. 7/10 would pet profusely https://t.co/WlKiN3ll0w,None
1960,This little pupper can't wait for Christmas. He's pretending to be a present. S'cute. 11/10 twenty more days üéÅüéÑüê∂ https://t.co/m8r9rbcgX4,None
1963,*lets out a tiny screech and then goes into complete cardiac arrest* 12/10 https://t.co/az5PLGzVNJ,None
1966,IT'S SO SMALL ERMERGERF 11/10 https://t.co/dNUbKOSiWW,None
1969,Take a moment and appreciate how these two dogs fell asleep. Simply magnificent. 10/10 for both https://t.co/juX48bWpng,None
1972,Magical floating dog here. Very calm. Always hangs by the pond. Rather moist. Good listener. 6/10 personally I'd pet https://t.co/1euKoOvy49,None
1978,Very happy pup here. Always smiling. Loves his little leaf. Carries it everywhere with him. 9/10 https://t.co/81BCQAyvcs,None
1979,Extraordinary dog here. Looks large. Just a head. No body. Rather intrusive. 5/10 would still pet https://t.co/ufHWUFA9Pu,None
1986,Marvelous dog here. Rad ears. Not very soft. Large tumor on nose. Has a pet rock. Good w kids. 6/10 overall neat pup https://t.co/g5YkRqP0dg,None
1991,This lil pupper is sad because we haven't found Kony yet. RT to spread awareness. 12/10 would pet firmly https://t.co/Cv7dRdcMvQ,None
1997,Lots of pups here. All are Judea Hazelnuts. Exceptionally portable. 8/10 for all https://t.co/Pa8EmpDCuI,None
1999,When she says she'll be ready in a minute but you've been waiting in the car for almost an hour. 10/10 https://t.co/EH0N3dFKUi,None
2006,When you accidentally open up the front facing camera. 10/10 https://t.co/jDXxZARQIZ,None
2008,Mighty rare dogs here. Long smooth necks. Great knees. Travel in squads. 1 out of every 14 is massive. 8/10 for all https://t.co/PoMKKnKpRd,None
2010,10/10 for dog. 7/10 for cat. 12/10 for human. Much skill. Would pet all https://t.co/uhx5gfpx5k,None
2013,Exotic underwater dog here. Very shy. Wont return tennis balls I toss him. Never been petted. 5/10 I bet he's soft https://t.co/WH7Nzc5IBA,None
2018,This pup has a heart on its ass and that is downright legendary. 12/10 https://t.co/0OI927mmNJ,None
2029,Remarkable dog here. Walks on back legs really well. Looks extra soft. 8/10 would cuddle with https://t.co/gpWLdbposg,None
2031,When you try to recreate the scene from Lady &amp; The Tramp but then remember you don't have a significant other. 10/10 https://t.co/TASnD8Q08S,None
2033,Very fit horned dog here. Looks powerful. Not phased by wind. Great beard. Big enough to ride? 6/10 would cuddle https://t.co/wwwYO9C9kl,None
2036,I'm just going to leave this one here as well. 13/10 https://t.co/DaD5SyajWt,None
2038,After 22 minutes of careful deliberation this dog is being demoted to a 1/10. The longer you look at him the more terrifying he becomes,None
2040,Interesting dog here. Very large. Purple. Manifests rainbows. Perfect teeth. No ears. Surprisingly knowledgable 6/10 https://t.co/QVaEMsB9tS,None
2044,Super rare dog here. Spiffy mohawk. Sharp mouth. Shits eggs. Cool chariot wheel in background. 6/10 v confident pup https://t.co/pcx8jm1J1K,None
2054,Striped dog here. Having fun playing on back. Sturdy paws. Looks like an organized Dalmatian. 7/10 would still pet https://t.co/U1mSS3Ykez,None
2056,Tfw she says hello from the other side. 9/10 https://t.co/lS1TIDagIb,None
2060,This pup holds the secrets of the universe in his left eye. 12/10 https://t.co/F7xwE0wmnu,None
2062,Pack of horned dogs here. Very team-oriented bunch. All have weird laughs. Bond between them strong. 8/10 for all https://t.co/U7DQQdZ0mX,None
2065,*struggling to breathe properly* 12/10 https://t.co/NKHx0pcOii,None
2067,Neat pup here. Enjoys lettuce. Long af ears. Short lil legs. Hops surprisingly high for dog. 9/10 still very petable https://t.co/HYR611wiA4,None
2068,Me running from commitment. 10/10 https://t.co/ycVJyFFkES,None
2070,Two miniature golden retrievers here. Webbed paws. Don't walk very efficiently. Can't catch a tennis ball. 4/10s https://t.co/WzVLdSHJU7,None
2073,Yea I can't handle this job anymore your dogs are too adorable. 12/10 https://t.co/N9W5L7BLTm,None
2074,"After so many requests... here you go.

Good dogg. 420/10 https://t.co/yfAAo1gdeY",None
2076,Pink dogs here. Unreasonably long necks. Left guy has only 1 leg. Quite nimble. Don't bark tho 4/10s would still pet https://t.co/QY5uvMmmQk,None
2079,"Scary dog here. Too many legs. Extra tail. Not soft, let alone fluffy. Won't bark. Moves sideways. Has weapon. 2/10 https://t.co/XOPXCSXiUT",None
2081,Can't do better than this lol. 10/10 for the owner https://t.co/yrqGyMZhW6,None
2086,I would do radical things in the name of Dog God. I'd believe every word in that book. 10/10 https://t.co/9ZuGAmLZDR,None
2089,Two obedient dogs here. Left one has extra leg sticking out of its back. They each get 9/10. Would pet both at once https://t.co/RGcNPsmAfY,None
2091,Flamboyant pup here. Probably poisonous. Won't eat kibble. Doesn't bark. Slow af. Petting doesn't look fun. 1/10 https://t.co/jxukeh2BeO,None
2092,"This dude slaps your girl's ass what do you do?
5/10 https://t.co/6dioUL6gcP",None
2094,"""To bone or not to bone?""
10/10 https://t.co/4g5kFdxp6g",None
2099,*screams for a little bit and then crumples to the floor shaking* 12/10 https://t.co/W2MCt9pTed,None
2105,Honor to rate this dog. Great teeth. Nice horns. Unbelievable posture. Fun to pet. Big enough to ride. 10/10 rad dog https://t.co/7JMAHdJ6A4,None
2107,Silly dog here. Wearing bunny ears. Nice long tail. Unique paws. Not crazy soft but will do. Extremely agile. 7/10 https://t.co/2BnCLtJMxD,None
2108,This dog can't see its haters. 11/10 https://t.co/35BcGFdEAK,None
2109,Vibrant dog here. Fabulous tail. Only 2 legs tho. Has wings but can barely fly (lame). Rather elusive. 5/10 okay pup https://t.co/cixC0M3P1e,None
2112,Two unbelievably athletic dogs here. Great form. Perfect execution. 10/10 for both https://t.co/sQuKwSKtDE,None
2119,Sharp dog here. Introverted. Loves purple. Not fun to pet. Hurts to cuddle with. 6/10 still good dog tho https://t.co/Dfv2YaHPMn,None
2127,"AT DAWN...
WE RIDE

11/10 https://t.co/QnfO7HEQGA",None
2131,"""Hi yes this is dog. I can't help with that s- sir please... the manager isn't in right n- well that was rude""
10/10 https://t.co/DuQXATW27f",None
2138,üòÇüòÇüòÇ 10/10 for the dog and the owner https://t.co/5iYF0Ci0EK,None
2139,Awesome dog here. Not sure where it is tho. Spectacular camouflage. Enjoys leaves. Not very soft. 5/10 still petable https://t.co/rOTOteKx4q,None
2142,Here we see really big dog cuddling smaller dog. Very touching. True friendship. 10/10s would pet both at once https://t.co/A6XnvxHiUQ,None
2145,I've never seen a dog so genuinely happy about a tennis ball. 12/10 s'cute https://t.co/9RYY2NtHDw,None
2149,After countless hours of research and hundreds of formula alterations we have concluded that Dug should be bumped to an 11/10,None
2155,"Very human-like. Cute overbite smile *finger to earpiece* I'm being told that the dog is actually on the right
10/10 https://t.co/MSIbWu4YYs",None
2157,Special dog here. Pretty big. Neck kinda long for dog. Cool spots. Must be a Dalmatian variant. 6/10 would still pet https://t.co/f8GXeDbFzu,None
2166,Here we have a Gingivitis Pumpernickel named Zeus. Unmatched tennis ball capacity. 10/10 would highly recommend https://t.co/jPkd7hhX7m,None
2172,Just got home from college. Dis my dog. She does all my homework. Big red turd in background. 13/10 no bias at all https://t.co/6WGFp9cuj6,None
2177,"Here we have Pancho and Peaches. Pancho is a Condoleezza Gryffindor, and Peaches is just an asshole. 10/10 &amp; 7/10 https://t.co/Lh1BsJrWPp",None
2178,Super rare dog right here guys. Doesn't bark. Seems strong. Blue. Very family friendly pet. 10/10 overall good dog https://t.co/Jykq2iq3qN,None
2181,Two gorgeous pups here. Both have cute fake horns(adorable). Barn in the back looks on fire. 5/10 would pet rly well https://t.co/w5oYFXi0uh,None
2184,Honor to rate this dog. Lots of fur on him. Two massive tumors on back. Should get checked out. Very neat tho. 7/10 https://t.co/bMhs18elNF,None
2186,Unique dog here. Oddly shaped tail. Long pink front legs. I don't think dogs breath underwater sos. 4/10 bad owner https://t.co/0EJXxE9UxW,None
2189,"12/10 good shit Bubka
@wane15",None
2201,Incredibly rare dog here. Good at bipedalism. Rad blue spikes. Ready to dance. 11/10 https://t.co/70X1TIXn38,None
2202,Fascinating dog here. Loves beach. Oddly long nose for dog. Massive ass paws. Hard to cuddle w. 3/10 would still pet https://t.co/IiSdmhkC5N,None
2214,It is an honor to rate this pup. He is a Snorklhuahua from Amarillo. A true renaissance dog. Also part Rudolph 10/10 https://t.co/ALNyYuGui7,None
2215,There's a lot going on here but in my honest opinion every dog pictured is pretty fabulous. 10/10 for all. Good dogs https://t.co/VvYVbsi6c3,None
2220,Good teamwork between these dogs. One is on lookout while other eats. Long necks. Nice big house. 9/10s good pups https://t.co/uXgmECGYEB,None
2223,2 rare dogs. They waddle (v inefficient). Sometimes slide on bellies. Right one wants to be aircraft Marshall. 9/10s https://t.co/P8bivfp5sU,None
2224,I can't do better than he did. 10/10 https://t.co/fM0KXns7Or,None
2227,Here we have an Azerbaijani Buttermilk named Guss. He sees a demon baby Hitler behind his owner. 10/10 stays alert https://t.co/aeZykWwiJN,None
2231,Sneaky dog here. Tuba player has no clue. 10/10 super sneaky https://t.co/jWVwSppaa2,None
2232,These two dogs are Bo &amp; Smittens. Smittens is trying out a new deodorant and wanted Bo to smell it. 10/10 true pals https://t.co/4pw1QQ6udh,None
2236,Fun dogs here. Top one clearly an athlete. Bottom one very stable. Not very soft tho. 9/10s would still cuddle both https://t.co/79sHR36NsI,None
2237,This lil pup is Oliver. Hops around. Has wings but doesn't fly (lame). Annoying chirp. Won't catch tennis balls 2/10 https://t.co/DnhUw0aBM2,None
2239,This dog resembles a baked potato. Bed looks uncomfortable. No tail. Comes with butter tho. 3/10 petting still fun https://t.co/x89NSCEZCq,None
2242,Wow. Armored dog here. Ready for battle. Face looks dangerous. Not very loyal. Lil dog on back havin a blast. 5/10 https://t.co/SyMoWrp368,None
2247,Neat dog. Lots of spikes. Always in push-up position. Laid a shit ton of eggs earlier. Super stellar pup. 10/10 https://t.co/ODqrL3zXYE,None
2250,"THE EYES 12/10

I'm sorry. These are supposed to be funny but your dogs are too adorable https://t.co/z1xPTgVLc7",None
2252,OMIGOD 12/10 https://t.co/SVMF4Frf1w,None
2253,Dogs only please. Small cows and other non canines will not be tolerated. Sick tattoos tho 8/10 https://t.co/s1z7mX4c9O,None
2254,Super rare dog. Endangered (?). Thinks it's funny. Mocks everything I say. Colorful af. Has wings (dope). 9/10 https://t.co/BY8nQAMz0x,None
2258,What a dog to start the day with. Very calm. Likes to chill by pond. Corkscrews sticking out of head. Obedient. 7/10 https://t.co/0nIxPTDWAZ,None
2259,"RT @dogratingrating: Exceptional talent. Original humor. Cutting edge, Nova Scotian comedian. 12/10 https://t.co/uarnTjBeVA",None
2260,RT @dogratingrating: Unoriginal idea. Blatant plagiarism. Curious grammar. -5/10 https://t.co/r7XzeQZWzb,None
2261,Never seen dog like this. Breathes heavy. Tilts head in a pattern. No bark. Shitty at fetch. Not even cordless. 1/10 https://t.co/i9iSGNn3fx,None
2267,Another topnotch dog. His name is Big Jumpy Rat. Massive ass feet. Superior tail. Jumps high af. 12/10 great pup https://t.co/seESNzgsdm,None
2269,This a Norwegian Pewterschmidt named Tickles. Ears for days. 12/10 I care deeply for Tickles https://t.co/0aDF62KVP7,None
2272,Two dogs in this one. Both are rare Jujitsu Pythagoreans. One slightly whiter than other. Long legs. 7/10 and 8/10 https://t.co/ITxxcc4v9y,None
2276,Exotic dog here. Long neck. Weird paws. Obsessed with bread. Waddles. Flies sometimes (wow!). Very happy dog. 6/10 https://t.co/rqO4I3nf2N,None
2277,Never seen this breed before. Very pointy pup. Hurts when you cuddle. Still cute tho. 10/10 https://t.co/97HuBrVuOx,None
2278,Ermergerd 12/10 https://t.co/PQni2sjPsm,None
2281,Here we have a neat pup. Very white. Cool shades. Upcoming cruise? Great dog 10/10 https://t.co/LEaviT37v1,None
2284,*takes several long deep breaths* omg omg oMG OMG OMG OMGSJYBSNDUYWJO 12/10 https://t.co/QCugm5ydl6,None
2285,Quite an advanced dog here. Impressively dressed for canine. Has weapon. About to take out trash. 10/10 good dog https://t.co/8uCMwS9CbV,None
2288,These are strange dogs. All have toupees. Long neck for dogs. In a shed of sorts? Work in groups? 4/10 still petable https://t.co/PZxSarAfSN,None
2294,Extremely intelligent dog here. Has learned to walk like human. Even has his own dog. Very impressive 10/10 https://t.co/0DvHAMdA4V,None
2298,After much debate this dog is being upgraded to 10/10. I repeat 10/10,None
2299,Here we have a Hufflepuff. Loves vest. Eyes wide af. Flaccid tail. Matches carpet. Always a little blurry. 8/10 https://t.co/7JdgVqDnvR,None
2301,12/10 gimme now https://t.co/QZAnwgnOMB,None
2305,My goodness. Very rare dog here. Large. Tail dangerous. Kinda fat. Only eats leaves. Doesn't come when called 3/10 https://t.co/xYGdBrMS9h,None
2306,These are Peruvian Feldspars. Their names are Cupit and Prencer. Both resemble Rand Paul. Sick outfits 10/10 &amp; 10/10 https://t.co/ZnEMHBsAs1,None
2307,12/10 simply brilliant pup https://t.co/V6ZzG45zzG,None
2310,Unfamiliar with this breed. Ears pointy af. Won't let go of seashell. Won't eat kibble. Not very fast. Bad dog 2/10 https://t.co/EIn5kElY1S,None
2316,Cool dog. Enjoys couch. Low monotone bark. Very nice kicks. Pisses milk (must be rare). Can't go down stairs. 4/10 https://t.co/vXMKrJC81s,None
2320,Here we see a lone northeastern Cumberbatch. Half ladybug. Only builds with bricks. Very confident with body. 7/10 https://t.co/7LtjBS0GPK,None
2321,"""Can you behave? You're ruining my wedding day""
DOG: idgaf this flashlight tastes good as hell

10/10 https://t.co/GlFZPzqcEU",None
2322,Oh boy what a pup! Sunglasses take this one to the next level. Weirdly folds front legs. Pretty big. 6/10 https://t.co/yECbFrSArM,None
2323,Here we have an Austrian Pulitzer. Collectors edition. Levitates (?). 7/10 would garden with https://t.co/NMQq6HIglK,None
2324,*internally screaming* 12/10 https://t.co/YMcrXC2Y6R,None
2328,Oh goodness. A super rare northeast Qdoba kangaroo mix. Massive feet. No pouch (disappointing). Seems alert. 9/10 https://t.co/Dc7b0E8qFE,None
2329,Those are sunglasses and a jean jacket. 11/10 dog cool af https://t.co/uHXrPkUEyl,None
2330,Unique dog here. Very small. Lives in container of Frosted Flakes (?). Short legs. Must be rare 6/10 would still pet https://t.co/XMD9CwjEnM,None
2331,Here we have a mixed Asiago from the Gal√°pagos Islands. Only one ear working. Big fan of marijuana carpet. 8/10 https://t.co/tltQ5w9aUO,None
2332,Look at this jokester thinking seat belt laws don't apply to him. Great tongue tho 10/10 https://t.co/VFKG1vxGjB,None
2336,Can take selfies 11/10 https://t.co/ws2AMaNwPW,None
2337,Very concerned about fellow dog trapped in computer. 10/10 https://t.co/0yxApIikpk,None
2338,Not familiar with this breed. No tail (weird). Only 2 legs. Doesn't bark. Surprisingly quick. Shits eggs. 1/10 https://t.co/Asgdc6kuLX,None
2339,Oh my. Here you are seeing an Adobe Setter giving birth to twins!!! The world is an amazing place. 11/10 https://t.co/11LvqN4WLq,None
2340,Can stand on stump for what seems like a while. Built that birdhouse? Impressive. Made friends with a squirrel. 8/10 https://t.co/Ri4nMTLq5C,None
2341,This appears to be a Mongolian Presbyterian mix. Very tired. Tongue slip confirmed. 9/10 would lie down with https://t.co/mnioXo3IfP,None
2342,Here we have a well-established sunblockerspaniel. Lost his other flip-flop. 6/10 not very waterproof https://t.co/3RU6x0vHB7,None
2343,Let's hope this flight isn't Malaysian (lol). What a dog! Almost completely camouflaged. 10/10 I trust this pilot https://t.co/Yk6GHE9tOY,None
2344,Here we have a northern speckled Rhododendron. Much sass. Gives 0 fucks. Good tongue. 9/10 would caress sensually https://t.co/ZoL8kq2XFx,None
2351,Here we have a 1949 1st generation vulpix. Enjoys sweat tea and Fox News. Cannot be phased. 5/10 https://t.co/4B7cOc1EDq,None
2355,Here we have a Japanese Irish Setter. Lost eye in Vietnam (?). Big fan of relaxing on stair. 8/10 would pet https://t.co/BLDqew2Ijj,None
